Title,Author,Publisher,Info Link,Published Date,Cover Image URL
ああ、犬よ! : 作家と犬をめぐる28話,"キノブックス,キノブックス編集部 編",キノブックス,https://ndlsearch.ndl.go.jp/books/R100000002-I029038082,2018,https://ndlsearch.ndl.go.jp/thumbnail/978-4-909689-03-0
アーク島年代記,"Wylie, Jonathan,信太, 晴明,ジョナサン・ワイリー [著],信太晴明 訳",角川書店,https://ndlsearch.ndl.go.jp/books/R100000002-I000002036089,1990,https://ndlsearch.ndl.go.jp/thumbnail/4-04-274201-7
アーケード殺人事件 : こちら駅前探偵局,"ねじめ, 正一, 1948-,ねじめ正一 著",光文社,https://ndlsearch.ndl.go.jp/books/R100000002-I000002607995,1997,https://ndlsearch.ndl.go.jp/thumbnail/4-334-92284-8
アーサー王によるローザンヌ湖の怪猫退治とその神話的背景(『アーサー王の最初の武勲』787~794節),"渡邉 浩司,渡邉 浩司",,https://ndlsearch.ndl.go.jp/books/R000000004-I025472079,,https://ndlsearch.ndl.go.jp/thumbnail/025472079
アーサー王の怪物猫とNightmare退治,"辺見 葉子,辺見 葉子",,https://ndlsearch.ndl.go.jp/books/R000000004-I4768357,,https://ndlsearch.ndl.go.jp/thumbnail/4768357
「ああっ女神さまっ」特典王+(プラス) 企画ものcomplete,"",ポニーキャニオン,https://ndlsearch.ndl.go.jp/books/R100000002-I000009037618,2000,https://ndlsearch.ndl.go.jp/thumbnail/PCCG-00559
Ａｒｔｉｓｔｓ　ａｎｄ　ｔｈｅｉｒ　ｃａｔｓ,"Nastasi Alison,アリソン・ナスタシ,Ａｌｉｓｏｎ　Ｎａｓｔａｓｉ／著",Chronicle Books,https://ndlsearch.ndl.go.jp/books/R100000001-I01211008000978308,2015,https://ndlsearch.ndl.go.jp/thumbnail/978-1-4521-3355-3
アーティストが愛した猫,"Nastasi, Alison,関根, 光宏,アリソン・ナスタシ 著,関根光宏 訳",エクスナレッジ,https://ndlsearch.ndl.go.jp/books/R100000002-I026234497,2015,https://ndlsearch.ndl.go.jp/thumbnail/978-4-7678-1952-5
アートな時間 映画 ねことじいちゃん : 猫と島民との心温まる交流を描く 動物写真家、岩合光昭氏が初監督,"野島 孝一,野島 孝一",,https://ndlsearch.ndl.go.jp/books/R000000004-I029526821,,https://ndlsearch.ndl.go.jp/thumbnail/029526821
アートな時間 猫と、とうさん : 吹きさらしの空間に怯(ひる)まない猫 風通しのよいドキュメンタリー,"芝山 幹郎,芝山 幹郎",,https://ndlsearch.ndl.go.jp/books/R000000004-I032960514,,https://ndlsearch.ndl.go.jp/thumbnail/032960514
アートな時間 ルイス・ウェイン 生涯愛した妻とネコ : 猫のおかしさを捉えた画家 愛の思い出が電気の導体に,"芝山 幹郎,芝山 幹郎",,https://ndlsearch.ndl.go.jp/books/R000000004-I032526305,,https://ndlsearch.ndl.go.jp/thumbnail/032526305
アートなねこ : 人気の猫たちとめぐる美しい絵画の世界,"",笠倉出版社,https://ndlsearch.ndl.go.jp/books/R100000002-I027552208,2016,https://ndlsearch.ndl.go.jp/thumbnail/978-4-7730-5750-8
アートになった猫たち : 今も昔もねこが好き,"中右, 瑛, 1934-,中右瑛 監修",青月社,https://ndlsearch.ndl.go.jp/books/R100000002-I028078584,2017,https://ndlsearch.ndl.go.jp/thumbnail/978-4-8109-1312-5
アートになった猫たち展 : 今も昔もねこが好き : 千代田区立日比谷図書文化館特別展,"",千代田区立日比谷図書文化館,https://ndlsearch.ndl.go.jp/books/R100000001-I13111153652065,2019,
アーニー : ある街猫の生活と意見,"Mendoza, Tony, 1941-,沢田, 裕子,トニー・メンドーサ 著,沢田裕子 訳",河出書房新社,https://ndlsearch.ndl.go.jp/books/R100000002-I000004230452,2003,https://ndlsearch.ndl.go.jp/thumbnail/4-309-26680-0
アーネスト・ヘミングウェイの「雨のなかの猫」 : 絵画映像として具体的イメージを描きながら原文に親しむ : ヘミングウェイの文体に触れる,"西村 明代,西村 明代",,https://ndlsearch.ndl.go.jp/books/R000000004-I026558184,,https://ndlsearch.ndl.go.jp/thumbnail/026558184
嗚呼!!花の応援団 remix,ファンタスティック・エクスプロージョン&フレンズ+異邦人,Tokuma Japan Communications,https://ndlsearch.ndl.go.jp/books/R100000002-I000007506594,2004,https://ndlsearch.ndl.go.jp/thumbnail/TKCA-72740
アーミッシュ・キルトと畑の猫,"菅原, 千代志, 1942-,菅原千代志 著",丸善,https://ndlsearch.ndl.go.jp/books/R100000002-I000002985184,2001,https://ndlsearch.ndl.go.jp/thumbnail/4-621-06091-0
アーモンドは招き猫,"はない, なな,はないなな 著",文芸社,https://ndlsearch.ndl.go.jp/books/R100000002-I000009250654,2008,https://ndlsearch.ndl.go.jp/thumbnail/978-4-286-04121-6
アーリー・デイズ,西田佐知子,ブルース・インターアクションズ,https://ndlsearch.ndl.go.jp/books/R100000002-I000007519029,1998,https://ndlsearch.ndl.go.jp/thumbnail/PCD-1592
逢い逢いて,"安西, 篤子, 1927-,安西篤子 著",新潮社,https://ndlsearch.ndl.go.jp/books/R100000002-I000002382427,1994,https://ndlsearch.ndl.go.jp/thumbnail/4-10-392402-0
"アイアコッカ・東京の""猫っかぶり""","古森 義久,古森 義久",,https://ndlsearch.ndl.go.jp/books/R000000004-I2712579,,https://ndlsearch.ndl.go.jp/thumbnail/2712579
東儀秀樹/I am with you,"",東芝EMI,https://ndlsearch.ndl.go.jp/books/R100000002-I000009066847,2002,https://ndlsearch.ndl.go.jp/thumbnail/TOCT-24845
相生源氏高砂松,"桜田, 治助 3世, 1802-1877,河竹, 黙阿弥, 1816-1893,狂言堂左交,河竹新七二世",写,https://ndlsearch.ndl.go.jp/books/R100000002-I000007274934,,https://ndlsearch.ndl.go.jp/thumbnail/000007274934
愛をくれた猫たち,"青島, 啓子,青島啓子 著",講談社,https://ndlsearch.ndl.go.jp/books/R100000002-I000001810671,1986,https://ndlsearch.ndl.go.jp/thumbnail/4-06-201374-6
哀歌,"門倉 有希,門倉 有希／歌",ビクターエンタテインメント,https://ndlsearch.ndl.go.jp/books/R100000001-I22213001300115404,1997-11,https://ndlsearch.ndl.go.jp/thumbnail/98901232
門倉有希/哀歌,"",ビクターエンタテインメント,https://ndlsearch.ndl.go.jp/books/R100000002-I000008971882,1997,https://ndlsearch.ndl.go.jp/thumbnail/VICL-60149
哀川翔/のらいぬ,"",プラッツ,https://ndlsearch.ndl.go.jp/books/R100000002-I000008976780,1990,https://ndlsearch.ndl.go.jp/thumbnail/PLCP-16
哀歌は流れる,"高樹, のぶ子, 1946-,高樹のぶ子 著",新潮社,https://ndlsearch.ndl.go.jp/books/R100000002-I000002088043,1991,https://ndlsearch.ndl.go.jp/thumbnail/4-10-351604-6
愛が欲しくば、猫を崇めよ,"山野辺, りり,山野辺りり 著",イースト・プレス,https://ndlsearch.ndl.go.jp/books/R100000002-I032444882,2022,https://ndlsearch.ndl.go.jp/thumbnail/978-4-7816-9735-2
愛がみえない,山本あき,King Records,https://ndlsearch.ndl.go.jp/books/R100000002-I000010364981,2009,https://ndlsearch.ndl.go.jp/thumbnail/KICM-30215
愛玩動物看護師のための 飼い主指導&臨テクメモ(第7回)予防医療 猫汎白血球減少症 猫ウイルス性鼻気管炎 猫カリシウイルス感染症,"石井 秀延,石川 勇一,石井 秀延,石川 勇一",,https://ndlsearch.ndl.go.jp/books/R000000004-I033188803,,https://ndlsearch.ndl.go.jp/thumbnail/033188803
愛玩動物看護師のための 飼い主指導&臨テクメモ(第8回)予防医療 猫免疫不全ウイルス感染症 猫白血病ウイルス感染症 猫クラミジア症,"南 智彦,石川 勇一,南 智彦,石川 勇一",,https://ndlsearch.ndl.go.jp/books/R000000004-I033189121,,https://ndlsearch.ndl.go.jp/thumbnail/033189121
愛玩動物看護師のための 飼い主指導&臨テクメモ(第10回)予防医療 内部寄生虫 回虫症・ジアルジア症・猫トリコモナス症,"石井 秀延,石川 勇一,石井 秀延,石川 勇一",,https://ndlsearch.ndl.go.jp/books/R000000004-I033189465,,https://ndlsearch.ndl.go.jp/thumbnail/033189465
愛虚榮的小花貓,"岑, 桑,岑桑著",上海書局,https://ndlsearch.ndl.go.jp/books/R100000136-I1130000797187352064,1954,https://ndlsearch.ndl.go.jp/thumbnail/BB23127996
愛くるしい子猫や子犬たちの残酷な末路 地獄のペットショップ : 売れ残った犬と猫はこうして惨殺される,"",,https://ndlsearch.ndl.go.jp/books/R000000004-I031997511,,https://ndlsearch.ndl.go.jp/thumbnail/031997511
愛犬＆愛猫手帳（平成２７年３月）,生活衛生課,,https://ndlsearch.ndl.go.jp/books/R100000094-I259484,,
愛犬･愛猫と一緒に入所-リハビリテーション効果も期待,"",,https://ndlsearch.ndl.go.jp/books/R100000136-I1390282752327586048,2017-01-10,
愛犬・愛猫家の恐怖 トキソプラズマの感染をめぐって,"山口 晋,山口 晋",,https://ndlsearch.ndl.go.jp/books/R000000004-I8240526,,https://ndlsearch.ndl.go.jp/thumbnail/8240526
愛犬・愛猫が老いる、飼い主も老いる ペットと老いの深刻問題,"",,https://ndlsearch.ndl.go.jp/books/R000000004-I031804611,,https://ndlsearch.ndl.go.jp/thumbnail/031804611
愛犬、愛猫がかわいそう 発がん性があるドッグフード・キャットフード 全商品名,"",,https://ndlsearch.ndl.go.jp/books/R000000004-I029575777,,https://ndlsearch.ndl.go.jp/thumbnail/029575777
愛犬・愛猫が10歳すぎたら読む本,"",宝島社,https://ndlsearch.ndl.go.jp/books/R100000002-I032588543,2023,https://ndlsearch.ndl.go.jp/thumbnail/978-4-299-03907-1
愛犬・愛猫と車中泊を楽しむ本 : カーネル特選!,"",地球丸,https://ndlsearch.ndl.go.jp/books/R100000002-I027089635,2016,https://ndlsearch.ndl.go.jp/thumbnail/978-4-86067-538-7
愛犬・愛猫との暮らしをあきらめない 一緒に入居できる老人ホーム,"",,https://ndlsearch.ndl.go.jp/books/R000000004-I027573364,,https://ndlsearch.ndl.go.jp/thumbnail/027573364
愛犬愛猫マンションでの飼い方,"岩瀬, 晃透, 1963-,岩瀬晃透 著",小学館,https://ndlsearch.ndl.go.jp/books/R100000002-I000003069723,2002,https://ndlsearch.ndl.go.jp/thumbnail/4-09-310073-X
愛犬家と愛猫家の表現法 : 投稿文における語彙と表現,"佐竹 秀雄,佐竹 秀雄",,https://ndlsearch.ndl.go.jp/books/R000000004-I024251975,,https://ndlsearch.ndl.go.jp/thumbnail/024251975
愛犬幸福論 : 犬を愛する名文家35人の私的エッセイ,"PHP研究所,PHP研究所 編",PHP研究所,https://ndlsearch.ndl.go.jp/books/R100000002-I000008366779,2006,https://ndlsearch.ndl.go.jp/thumbnail/4-569-65769-9
愛犬・猫を病気にさせない! 「医療×テクノロジー」最前線,"白鳥 達哉,白鳥 達哉",,https://ndlsearch.ndl.go.jp/books/R000000004-I031371197,,https://ndlsearch.ndl.go.jp/thumbnail/031371197
愛国心と猫,"杉山, 平助, 1895-1946,杉山平助 著",白揚社,https://ndlsearch.ndl.go.jp/books/R100000002-I000000736894,1935,https://ndlsearch.ndl.go.jp/thumbnail/000000736894
愛さないの、愛せないの,"寺山, 修司, 1936-1983,寺山修司 著",角川春樹事務所,https://ndlsearch.ndl.go.jp/books/R100000002-I000002958286,2000,https://ndlsearch.ndl.go.jp/thumbnail/4-89456-673-7
愛されたがりの白猫ミコさん,"久川, はる,久川はる 著",KADOKAWA,https://ndlsearch.ndl.go.jp/books/R100000002-I033199287,2023,https://ndlsearch.ndl.go.jp/thumbnail/978-4-04-683083-8
愛され猫を半等分,"中見, トモ,中見トモ 著",Jパブリッシング,https://ndlsearch.ndl.go.jp/books/R100000002-I030617924,2020,https://ndlsearch.ndl.go.jp/thumbnail/978-4-86669-327-9
愛されママ,"若菜, モモ,西, ナナヲ,桃城, 猫緒,若菜モモ, 西ナナヲ, 桃城猫緒, 藍里まめ, 砂川雨路 著",スターツ出版,https://ndlsearch.ndl.go.jp/books/R100000002-I029765686,2019,https://ndlsearch.ndl.go.jp/thumbnail/978-4-8137-0715-8
愛したのは、「拙にして聖」なる者 : 漱石文学に秘められた男たちの確執の記憶,"みもと, けいこ, 1953-,みもとけいこ 著",創風社出版,https://ndlsearch.ndl.go.jp/books/R100000002-I000004317225,2003,https://ndlsearch.ndl.go.jp/thumbnail/4-86037-034-1
愛してナイト DVD-box : デジタルリマスター版,"",ベストフィールド,https://ndlsearch.ndl.go.jp/books/R100000002-I025119055,2014,https://ndlsearch.ndl.go.jp/thumbnail/BFTD-0085
愛してると言わないで : 子猫になって、あなたのそばに,"なりゆき, わかこ, 1954-,なりゆきわかこ 著",笠倉出版社,https://ndlsearch.ndl.go.jp/books/R100000002-I000011239559,2011,https://ndlsearch.ndl.go.jp/thumbnail/978-4-7730-8544-0
相島にゃんにゃ : 福岡県新宮町相島の猫写真集,市川松三郎 著,[市川松三郎],https://ndlsearch.ndl.go.jp/books/R100000002-I030711606,2012,https://ndlsearch.ndl.go.jp/thumbnail/030711606
相性猫うらない : 12種類の幸運の女神たち,"マギー,マギー 著",勁文社,https://ndlsearch.ndl.go.jp/books/R100000002-I000002873409,2000,https://ndlsearch.ndl.go.jp/thumbnail/4-7669-3473-3
愛日,"高井, 有一, 1932-2016,高井有一 著",講談社,https://ndlsearch.ndl.go.jp/books/R100000002-I000002360249,1994,https://ndlsearch.ndl.go.jp/thumbnail/4-06-207199-1
アイスクリーム・ドリーム,"岩瀬, 成子, 1950-,長谷川, 集平, 1955-,岩瀬成子 作,長谷川集平 画",理論社,https://ndlsearch.ndl.go.jp/books/R100000002-I000002096978,1991,https://ndlsearch.ndl.go.jp/thumbnail/4-652-07212-0
I stand here for you,"大槻 ケンヂ,大槻 ケンジ,大槻 ケンヂ／歌",MCAビクター,https://ndlsearch.ndl.go.jp/books/R100000001-I22213001300104804,1995-08,https://ndlsearch.ndl.go.jp/thumbnail/95912081
愛すべきネコ君の起源はアフリカにあり,"ジョナサン ロソス,ジョナサン ロソス",,https://ndlsearch.ndl.go.jp/books/R000000004-I033156724,,https://ndlsearch.ndl.go.jp/thumbnail/033156724
愛する君は猫妖刀,"紫藤葎,桜沢鈴,紫藤葎 著・文・その他,桜沢鈴 イラスト",小学館,https://ndlsearch.ndl.go.jp/books/R100000137-I09D028970000d0000000,2015-11-13,
愛する人へ,"新井, 遊, 1968-,新井遊 [ほか]著",愛知出版,https://ndlsearch.ndl.go.jp/books/R100000002-I000003979562,2002,https://ndlsearch.ndl.go.jp/thumbnail/4-434-02653-4
愛する犬猫(ワンニャン)のためのホメオパシー自然療法 : ユーモラスなイラストでやさしくわかる,"Pfeiffer, Gabriele,森井, 啓二,Strodthoff, Hisako,ガブリエレ・プファイファー 著,森井啓二 監修,シュトロートホフ・比佐子 訳",ガイアブックス,https://ndlsearch.ndl.go.jp/books/R100000002-I027331937,2016,https://ndlsearch.ndl.go.jp/thumbnail/978-4-88282-963-8
愛すれど殺意,"笹沢, 左保, 1930-2002,笹沢左保 著",天山出版,https://ndlsearch.ndl.go.jp/books/R100000002-I000002092228,1991,https://ndlsearch.ndl.go.jp/thumbnail/4-8033-2824-2
会津に伝わるむかし話 : 民話伝説集,"逢澤, 紀孝, 1938-,逢澤紀孝 著",歴史春秋出版,https://ndlsearch.ndl.go.jp/books/R100000002-I026566865,2015,https://ndlsearch.ndl.go.jp/thumbnail/978-4-89757-857-6
会津猫魔怨霊殺人 : 長編伝奇推理,"生田, 直親, 1929-1993,生田直親 著",天山出版,https://ndlsearch.ndl.go.jp/books/R100000002-I000001940321,1988,https://ndlsearch.ndl.go.jp/thumbnail/4-8033-1430-6
会津の昔ばなし,"半・ろくさん,司/大輔,半・ろくさん 文,司大輔 編集",丸長(発売),https://ndlsearch.ndl.go.jp/books/R100000001-I2711B14218695,1900,https://ndlsearch.ndl.go.jp/thumbnail/22201731
会津の昔話と伝説 ふるさと会津こころの記憶,"",福島県会津地方振興局,https://ndlsearch.ndl.go.jp/books/R100000002-I000011167035,2011,https://ndlsearch.ndl.go.jp/thumbnail/000011167035
会津のむかしばなし,"前田, 智子, pub. 2021,菊地, 悦子, pub.2021,鶴賀, イチ, 1950-,前田智子, 菊地悦子, 鶴賀イチ 著",歴史春秋出版,https://ndlsearch.ndl.go.jp/books/R100000002-I031531927,2021,https://ndlsearch.ndl.go.jp/thumbnail/978-4-89757-988-7
会津物語,"赤坂, 憲雄, 1953-,会津学研究会,赤坂憲雄, 会津学研究会 編著",朝日新聞出版,https://ndlsearch.ndl.go.jp/books/R100000002-I026613259,2015,https://ndlsearch.ndl.go.jp/thumbnail/978-4-02-251263-5
愛婿通信,"辰野九紫,辰野九紫 著",南方書院,https://ndlsearch.ndl.go.jp/books/R100000001-I31111100322827,1931,
愛染桜花地獄 : 三毛猫先生事件帖,"風間, 九郎, 1961-,風間九郎 [著]",学習研究社,https://ndlsearch.ndl.go.jp/books/R100000002-I000008540013,2007,https://ndlsearch.ndl.go.jp/thumbnail/978-4-05-900477-6
愛染天使,"藤原, 審爾, 1921-1984,藤原審爾 著",小壷天書房,https://ndlsearch.ndl.go.jp/books/R100000002-I000000980665,1958,https://ndlsearch.ndl.go.jp/thumbnail/000000980665
アイソトープCl36による汗腺分泌過程ならびに猫足蹠面における精神性発汗の研究,"田口 元二,田口 元二",,https://ndlsearch.ndl.go.jp/books/R000000004-I10014710,,https://ndlsearch.ndl.go.jp/thumbnail/10014710
アイソトープI[36]による汗腺分泌過程ならびに猫足蹠面における精神性発汗の研究,"田口, 元二,田口元二 [著]",,https://ndlsearch.ndl.go.jp/books/R100000002-I000010933662,,https://ndlsearch.ndl.go.jp/thumbnail/000010933662
逢いたくて金沢,みやさと奏,TOKUMA JAPAN COMMUNICATIONS,https://ndlsearch.ndl.go.jp/books/R100000002-I025407807,2014,https://ndlsearch.ndl.go.jp/thumbnail/TKCA-90628
愛知県における壺形吸虫メタセルカリアの分布と人工感染猫における病理組織学的所見,"内田 明彦,板垣 博,内田 明彦,板垣 博",,https://ndlsearch.ndl.go.jp/books/R000000004-I2200579,,https://ndlsearch.ndl.go.jp/thumbnail/2200579
愛知県における壷形吸虫メタセルカリアの分布と人工感染猫における病理組織学的所見,"UCHIDA AKIHIKO,内田 明彦,ITAGAKI HIROSHI,板垣 博,内田 明彦,板垣 博",,https://ndlsearch.ndl.go.jp/books/R000000016-I0037792933,1980,
愛知発/一家3人死傷事件 「母撲殺、次男刺殺、三男もけが」で長男が本誌[週刊ポスト]に漏らした「謎の言葉」--殺された飼い猫と手付かずの現金,"",,https://ndlsearch.ndl.go.jp/books/R000000004-I10220634,,https://ndlsearch.ndl.go.jp/thumbnail/10220634
相次ぐ犬・猫虐殺--地元に恐怖,"",,https://ndlsearch.ndl.go.jp/books/R000000004-I5839989,,https://ndlsearch.ndl.go.jp/thumbnail/5839989
愛と苦悩の名作物語 : ダ・ヴィンチ・コード・ミステリー&ノーベル賞作家短篇集,"名作の会,菊川, 忠夫, 1930-,丸山, 敦子, 1922-,佐原, 弘一,名作の会 編,菊川忠夫 監修,丸山敦子, 佐原弘一 共訳",海苑社,https://ndlsearch.ndl.go.jp/books/R100000002-I000008540311,2006,https://ndlsearch.ndl.go.jp/thumbnail/4-86164-039-3
愛と青春のうた,"",Sony Music Direct (Japan),https://ndlsearch.ndl.go.jp/books/R100000002-I023524595,2012,https://ndlsearch.ndl.go.jp/thumbnail/MHCL-2067
愛と青春のニューミュージック大全集,"",Sony Music Direct,https://ndlsearch.ndl.go.jp/books/R100000002-I000004268472,2003,https://ndlsearch.ndl.go.jp/thumbnail/MHCL-285
愛と青春のフォーク大全集,"",Sony Music House,https://ndlsearch.ndl.go.jp/books/R100000002-I000003987450,2002,https://ndlsearch.ndl.go.jp/thumbnail/MHCL-162
アイとちび : マンションのふたり猫 : the cat who..,"Mirura,Mirura 写真・文",白泉社,https://ndlsearch.ndl.go.jp/books/R100000002-I000009274098,2008,https://ndlsearch.ndl.go.jp/thumbnail/978-4-592-73247-1
愛と髑髏と,"皆川, 博子, 1930-,皆川博子 著",光風社出版,https://ndlsearch.ndl.go.jp/books/R100000002-I000001716991,1985,https://ndlsearch.ndl.go.jp/thumbnail/4-87519-468-4
愛とやすらぎのために～印象派への誘いひろしま美術館 ひろしま美術館開館30周年記念,ひろしま美術館 企画,ひろしま美術館 (発売),https://ndlsearch.ndl.go.jp/books/R100000002-I000009887167,2008,https://ndlsearch.ndl.go.jp/thumbnail/000009887167
アイドル天使ようこそようこ : BD-box,"",フロンティアワークス,https://ndlsearch.ndl.go.jp/books/R100000002-I033206981,2024,https://ndlsearch.ndl.go.jp/thumbnail/FFXA-9043
アイドル猫(にゃんこ)のつくりかた,"関, 由香, 1975-,佐々木, 道弘, 1958-2015,関由香 撮影,佐々木道弘 監修",扶桑社,https://ndlsearch.ndl.go.jp/books/R100000002-I027074707,2016,https://ndlsearch.ndl.go.jp/thumbnail/978-4-594-07430-2
アイドル・ヒットBOX 60,"",ソニーレコード,https://ndlsearch.ndl.go.jp/books/R100000002-I000008912922,1986,https://ndlsearch.ndl.go.jp/thumbnail/00DH-568
愛なのに . 猫は逃げた,"城定, 秀夫,今泉, 力哉,瀬戸, 康史,さとう, ほなみ,河合, 優実,山本, 奈衣瑠,毎熊, 克哉,手島, 実優,城定秀夫監督 ; 今泉力哉脚本 . 今泉力哉監督 ; 城定秀夫脚本",東映ビデオ (発売),https://ndlsearch.ndl.go.jp/books/R100000136-I1130011760371984783,2022,https://ndlsearch.ndl.go.jp/thumbnail/BC16413358
あいにくですが、エリート御曹司の蜜愛はお断りいたします。,"汐埼, ゆたか,汐埼ゆたか [著]",アルファポリス,https://ndlsearch.ndl.go.jp/books/R100000002-I033619109,2024,https://ndlsearch.ndl.go.jp/thumbnail/978-4-434-34346-9
愛猫(ニャン)サプリ,"諏訪, 絢子,諏訪絢子 著",エンターブレイン,https://ndlsearch.ndl.go.jp/books/R100000002-I000010955117,2010,https://ndlsearch.ndl.go.jp/thumbnail/978-4-04-726637-7
愛猫 (ニャン) サプリ,"諏訪, 絢子,諏訪絢子 著",エンターブレイン,https://ndlsearch.ndl.go.jp/books/R100000002-I023230110,2011,https://ndlsearch.ndl.go.jp/thumbnail/978-4-04-727687-1
アイヌ語の「猫」 : 特に日本語東北諸方言からアイヌ語北海道方言への借用について,"落合 いずみ,落合 いずみ",,https://ndlsearch.ndl.go.jp/books/R000000004-I032221290,,https://ndlsearch.ndl.go.jp/thumbnail/032221290
「アイヌ神謡集」をうたう　：　８０年ぶりによみがえった幻の神謡,"知里 幸恵,中本 ムツ子,片山　龍峯,ナカモト ムツコ,知里　幸恵／著,中本　ムツ子／うた,片山　龍峯／復元",片山言語文化研究所,https://ndlsearch.ndl.go.jp/books/R100000001-I01213000400029080,2003,
アイヌ民話,"工藤, 梅次郎, 1887-1941,工藤梅次郎 著",工藤書店,https://ndlsearch.ndl.go.jp/books/R100000002-I000000595366,1926,https://ndlsearch.ndl.go.jp/thumbnail/000000595366
あいねこ　：　～世界5大猫スポット・相島のねこたち～,"",ビコム株式会社,https://ndlsearch.ndl.go.jp/books/R100000001-I01213008000147849,2020-04,
あい・ねこ-世界5大猫スポット・相島のねこたち,"",ビコム,https://ndlsearch.ndl.go.jp/books/R100000002-I029563581,2019,https://ndlsearch.ndl.go.jp/thumbnail/978-4-8143-5108-4
アイネコ ノラキチ マンダラ,"小畑, 進,Obata, Susumu,小畑, 進,Obata, Susumu",,https://ndlsearch.ndl.go.jp/books/R000000025-I009030002434989,1999-03-01,
愛ねこ半世紀 : 猫をみつめて昭和四十三年からの半世紀,中田慎二 著,ナボック出版,https://ndlsearch.ndl.go.jp/books/R100000002-I030063420,2017,https://ndlsearch.ndl.go.jp/thumbnail/030063420
愛猫物語,栗田 敦子,,https://ndlsearch.ndl.go.jp/books/R100000136-I1570854174092080768,1999-01-15,
愛のアルバム,"雨田, 光弘, 1935-,栗原, 千種,雨田光弘 絵,栗原千種 文",博雅堂出版,https://ndlsearch.ndl.go.jp/books/R100000002-I000002521595,1996,https://ndlsearch.ndl.go.jp/thumbnail/4-938595-17-6
愛のイエスタデイ 幻の名盤解放歌集トリオ編,"",P-Vine Records,https://ndlsearch.ndl.go.jp/books/R100000002-I000008000094,2000,https://ndlsearch.ndl.go.jp/thumbnail/PCD-1535
愛のイエスタディ,中原 美樹／[ほか]演奏,ブルース・インターアクションズ,https://ndlsearch.ndl.go.jp/books/R100000001-I22213001300086050,2000-03,https://ndlsearch.ndl.go.jp/thumbnail/00905112
あいのうた,"やなせ なな,やなせ なな／歌",エール・ディスクス,https://ndlsearch.ndl.go.jp/books/R100000001-I22213001301819049,2005-05,https://ndlsearch.ndl.go.jp/thumbnail/05909350
あいのうた ファーストアルバム,野中藍,[King Record],https://ndlsearch.ndl.go.jp/books/R100000002-I000008350481,2006,https://ndlsearch.ndl.go.jp/thumbnail/KICS-91210
愛の絵(第17回)猫を抱く女の子,"中野 京子,中野 京子",,https://ndlsearch.ndl.go.jp/books/R000000004-I032864208,,https://ndlsearch.ndl.go.jp/thumbnail/032864208
愛の孤独について,"石丸, 静雄, 1912-1988,石丸静雄 著",沖積舎,https://ndlsearch.ndl.go.jp/books/R100000002-I028028122,1985,https://ndlsearch.ndl.go.jp/thumbnail/4-8060-7502-7
愛のごとく,"山川, 方夫, 1930-1965,山川方夫 著",新潮社,https://ndlsearch.ndl.go.jp/books/R100000002-I000001066156,1965,https://ndlsearch.ndl.go.jp/thumbnail/000001066156
藍島（北九州市小倉北区）猫との出会い : 宇野正徳写真集,"宇野‖正徳,宇野　正徳／［撮影］",［宇野正徳］,https://ndlsearch.ndl.go.jp/books/R100000001-I40221000001782793,2019,
相島猫との出会い : 宇野正徳写真集,"宇野‖正徳,宇野　正徳／［撮影］",［宇野正徳］,https://ndlsearch.ndl.go.jp/books/R100000001-I40221000001622693,2017,
愛之助〈推定2歳・雄〉の考察 : その恋は猫の手も借りたい,"汐見, 舜一, 1990-,汐見舜一 [著]",KADOKAWA,https://ndlsearch.ndl.go.jp/books/R100000002-I029308481,2018,https://ndlsearch.ndl.go.jp/thumbnail/978-4-04-072931-2
愛のとき : ある子猫とのめぐり逢いから,"望月, みどり,望月みどり 文・写真",二見書房,https://ndlsearch.ndl.go.jp/books/R100000002-I000001715611,1984,https://ndlsearch.ndl.go.jp/thumbnail/4-576-84096-7
藍の武士 : 御用絵師一丸,"あかほり, さとる, 1965-,あかほり悟 著",白泉社,https://ndlsearch.ndl.go.jp/books/R100000002-I026634776,2015,https://ndlsearch.ndl.go.jp/thumbnail/978-4-592-83121-1
愛の惑星,櫻井敦司,ビクターエンタテインメント,https://ndlsearch.ndl.go.jp/books/R100000002-I000007439225,2004,https://ndlsearch.ndl.go.jp/thumbnail/VICL-61419
愛の惑星 collector's box,櫻井敦司,JVCケンウッド・ビクターエンタテインメント,https://ndlsearch.ndl.go.jp/books/R100000002-I026573923,2015,https://ndlsearch.ndl.go.jp/thumbnail/VIZL-872
愛は仔猫のように;失われたものを求めて,"",ビクタ-,https://ndlsearch.ndl.go.jp/books/R100000002-I000008644121,,https://ndlsearch.ndl.go.jp/thumbnail/E-1051
片岡大志,"",東芝EMI,https://ndlsearch.ndl.go.jp/books/R100000002-I000009007138,1996,https://ndlsearch.ndl.go.jp/thumbnail/TODT-3843
森口博子,"",キングレコード,https://ndlsearch.ndl.go.jp/books/R100000002-I000009058612,1993,https://ndlsearch.ndl.go.jp/thumbnail/KIDS-161
愛猫・愛犬家に贈る ペット保険大全,"平野 敦之,平野 敦之",,https://ndlsearch.ndl.go.jp/books/R000000004-I029627910,,https://ndlsearch.ndl.go.jp/thumbnail/029627910
愛猫・愛犬追懐と箱根山寸描,"小田, 淳, 1930-,小田淳 著",叢文社,https://ndlsearch.ndl.go.jp/books/R100000002-I030135438,2019,https://ndlsearch.ndl.go.jp/thumbnail/978-4-7947-0807-6
愛猫を長生きさせるコツ,"",宝島社,https://ndlsearch.ndl.go.jp/books/R100000002-I026191946,2015,https://ndlsearch.ndl.go.jp/thumbnail/978-4-8002-3817-7
愛猫を長生きさせる50のコツ : 大好きな愛猫が元気で幸せにいられる育て方,"野矢, 雅彦, 1958-,野矢雅彦 監修",宝島社,https://ndlsearch.ndl.go.jp/books/R100000002-I026835339,2015,https://ndlsearch.ndl.go.jp/thumbnail/978-4-8002-4843-5
愛猫を長生きさせる習慣 : すぐに実践できる「長生きさせるコツ」を教えます,"",八重洲出版,https://ndlsearch.ndl.go.jp/books/R100000002-I032298192,2022,https://ndlsearch.ndl.go.jp/thumbnail/978-4-86144-665-8
愛猫家が猫たちを描いた本,"",松野文庫,https://ndlsearch.ndl.go.jp/books/R100000002-I024151346,2012,https://ndlsearch.ndl.go.jp/thumbnail/024151346
愛猫カズオがドM,"2丁目のママ,2丁目のママ 著・文・その他",小学館,https://ndlsearch.ndl.go.jp/books/R100000137-I09D032760000d0000000,2016-05-13,
愛猫記 : ユーモアエッセイ巣,"吉行淳之介,吉行淳之介 〔ほか〕著",番町書房,https://ndlsearch.ndl.go.jp/books/R100000001-I11141124015708,1976,
愛猫記,著者代表: 吉行淳之介,番町書房,https://ndlsearch.ndl.go.jp/books/R100000002-I000001313936,1976,https://ndlsearch.ndl.go.jp/thumbnail/000001313936
愛猫記異聞,"片桐／晴夫（１９３９～）,片桐晴夫 著",,https://ndlsearch.ndl.go.jp/books/R100000038-I4430695,2021-10,
愛猫記抄,"水村 里都代,水村 里都代",,https://ndlsearch.ndl.go.jp/books/R000000004-I6282801,,https://ndlsearch.ndl.go.jp/thumbnail/6282801
愛猫記 : ユーモアエッセイ集,"吉行, 淳之介,吉行淳之介 [ほか著]",番町書房,https://ndlsearch.ndl.go.jp/books/R100000001-I10111100327912,1979,https://ndlsearch.ndl.go.jp/thumbnail/77-03387
愛猫/小鳥・小動物たちへ,"吉田, 千史, 1953-,吉田千史 監修",アスペクト,https://ndlsearch.ndl.go.jp/books/R100000002-I000002897672,1999,https://ndlsearch.ndl.go.jp/thumbnail/4-7572-0471-X
愛猫詩篇,"長岡, 弘芳,長岡弘芳 [著]",方向感覚出版センター,https://ndlsearch.ndl.go.jp/books/R100000136-I1130282270975729920,1980,https://ndlsearch.ndl.go.jp/thumbnail/BA89097210
愛猫じゅん : 歌集,"ほりもと, ちか, 1938-,ほりもとちか 著",天満書房,https://ndlsearch.ndl.go.jp/books/R100000002-I000011131759,2011,https://ndlsearch.ndl.go.jp/thumbnail/000011131759
愛猫手帳 : 新しい家族の一員と快適に暮らしていくために,"東京都台東区台東保健所,台東区台東保健所生活衛生課 編",台東区台東保健所生活衛生課,https://ndlsearch.ndl.go.jp/books/R100000002-I000009086981,2007,https://ndlsearch.ndl.go.jp/thumbnail/000009086981
愛猫溺死事件 : Thomas GrayのOdeについて,"植月 惠一郎,植月 惠一郎",,https://ndlsearch.ndl.go.jp/books/R000000004-I033086989,,https://ndlsearch.ndl.go.jp/thumbnail/033086989
愛猫と共に,"白土, 貞子,白土貞子",文芸社,https://ndlsearch.ndl.go.jp/books/R100000002-I033838586,2025,https://ndlsearch.ndl.go.jp/thumbnail/978-4-286-25982-6
愛猫との別れの迎え方--小さな咳をしてミーは逝った,"稲葉 真弓,稲葉 真弓",,https://ndlsearch.ndl.go.jp/books/R000000004-I4781996,,https://ndlsearch.ndl.go.jp/thumbnail/4781996
愛猫の気持ちになれる本 : 猫からの101の質問,"Head, Honor,Dennis, Heren,高見, 恭子, 1959-,ホナー・ヘッド 著,ヘレン・デニス 監修,高見恭子 訳",小学館,https://ndlsearch.ndl.go.jp/books/R100000002-I000002929210,2000,https://ndlsearch.ndl.go.jp/thumbnail/4-09-310332-1
愛猫の正しい躾方,"咲耶, 洸,咲耶洸 著",東京漫画社,https://ndlsearch.ndl.go.jp/books/R100000002-I000007816190,2004,https://ndlsearch.ndl.go.jp/thumbnail/4-902671-09-3
愛猫のための家庭の医学,"Randolph, Elizabeth,エリザベス・ランドルフ 監修,飛田野裕子 訳",ソニー・マガジンズ,https://ndlsearch.ndl.go.jp/books/R100000002-I000004075811,2003,https://ndlsearch.ndl.go.jp/thumbnail/4-7897-2015-2
愛猫のための症状・目的別栄養事典,"須崎, 恭彦, 1969-,須﨑恭彦 著",講談社,https://ndlsearch.ndl.go.jp/books/R100000002-I024114308,2012,https://ndlsearch.ndl.go.jp/thumbnail/978-4-06-218115-0
愛猫の為のストレス解消音楽,"坂口　博樹,坂口　博樹",Ｎｉｐｐｏｎ　Ｃｒｏｗｎ,https://ndlsearch.ndl.go.jp/books/R100000001-I1423928721,1991-10,https://ndlsearch.ndl.go.jp/thumbnail/000001026272
愛猫の為のストレス解消音楽　：　動物を愛する人と、ペットの為の精神栄養音楽,"坂口 博樹,坂口 博樹／作曲,編曲",日本クラウン,https://ndlsearch.ndl.go.jp/books/R100000001-I22213001300002970,1991-10,https://ndlsearch.ndl.go.jp/thumbnail/96957678
愛猫の長生きライフ : 予防|病気|老化|お別れ : 一日でも長く一緒に。 : 猫の正しい衣食住・お手入れ・病気・猫事典,高崎一哉 監修,英和出版社,https://ndlsearch.ndl.go.jp/books/R100000002-I026915153,2016,https://ndlsearch.ndl.go.jp/thumbnail/978-4-86545-244-0
愛猫の名付け方 : 南方熊楠と牧野富太郎,"志村 真幸,志村 真幸",,https://ndlsearch.ndl.go.jp/books/R000000004-I033213899,,https://ndlsearch.ndl.go.jp/thumbnail/033213899
愛猫の美哲学 : Mon Diamond,"八巻, 多鶴子,八巻多鶴子 写真・文",朝日新聞出版メディアプロデュース部(制作),https://ndlsearch.ndl.go.jp/books/R100000002-I033100499,2023,https://ndlsearch.ndl.go.jp/thumbnail/978-4-02-100309-7
愛猫の看取りマニュアル,"南, 直秀,南直秀 監修",秀和システム,https://ndlsearch.ndl.go.jp/books/R100000002-I027431498,2016,https://ndlsearch.ndl.go.jp/thumbnail/978-4-7980-4674-7
愛猫ノラ,"子門, 英明,子門英明",つむぎ書房,https://ndlsearch.ndl.go.jp/books/R100000002-I032443733,2022,https://ndlsearch.ndl.go.jp/thumbnail/978-4-910692-44-9
"愛猫""野良吉""曼荼羅","小畑 進,小畑 進",,https://ndlsearch.ndl.go.jp/books/R000000004-I4678096,,https://ndlsearch.ndl.go.jp/thumbnail/4678096
愛猫美術,"",ART BOXインターナショナル,https://ndlsearch.ndl.go.jp/books/R100000136-I1130000795623237632,2010,https://ndlsearch.ndl.go.jp/thumbnail/9784872988512
愛猫ルイ,"ミネ, ユミコ,ミネ・ユミコ 作・絵",ニコモ,https://ndlsearch.ndl.go.jp/books/R100000002-I031835980,2020,https://ndlsearch.ndl.go.jp/thumbnail/978-4-910012-80-3
愛別外猫雑記,"笙野, 頼子, 1956-,笙野頼子 著",河出書房新社,https://ndlsearch.ndl.go.jp/books/R100000002-I000002975914,2001,https://ndlsearch.ndl.go.jp/thumbnail/4-309-01404-6
愛別外猫雑記(後篇),"笙野 頼子,笙野 頼子",,https://ndlsearch.ndl.go.jp/books/R000000004-I7001722,,https://ndlsearch.ndl.go.jp/thumbnail/7001722
愛別外猫雑記(前篇),"笙野 頼子,笙野 頼子",,https://ndlsearch.ndl.go.jp/books/R000000004-I7001372,,https://ndlsearch.ndl.go.jp/thumbnail/7001372
アイペット 約8割の飼育者がペットも熱中症にかかることを知っていた : ペット(犬、猫)の熱中症に関する調査結果をまとめる,"",,https://ndlsearch.ndl.go.jp/books/R000000004-I029816487,,https://ndlsearch.ndl.go.jp/thumbnail/029816487
相棒猫ディケンズと暮らして : トム・ビアンキ写真集,"Bianchi, Tom,トム・ビアンキ [撮影]",トレヴィル,https://ndlsearch.ndl.go.jp/books/R100000002-I000002271504,1993,https://ndlsearch.ndl.go.jp/thumbnail/4-8457-0837-X
相棒,"",テレビ朝日,https://ndlsearch.ndl.go.jp/books/R100000002-I027343211,2016,https://ndlsearch.ndl.go.jp/thumbnail/027343211
愛まで待てない,"沢田 研二,沢田 研二／歌",東芝EMI,https://ndlsearch.ndl.go.jp/books/R100000001-I22213001300111715,1996-09,https://ndlsearch.ndl.go.jp/thumbnail/96904243
沢田研二/愛まで待てない,"",東芝EMI,https://ndlsearch.ndl.go.jp/books/R100000002-I000008959740,1996,https://ndlsearch.ndl.go.jp/thumbnail/TOCT-9535
愛らしい犬と猫のぬり絵 : 心が癒されるペットアート,目羅健嗣 著,日貿出版社,https://ndlsearch.ndl.go.jp/books/R100000002-I000008159434,2006,https://ndlsearch.ndl.go.jp/thumbnail/4-8170-3482-3
愛らしき幼児お話集,"松美佐雄,松美佐雄 著",日本童話聯盟本部,https://ndlsearch.ndl.go.jp/books/R100000001-I13131100504995,1935,
"愛らしく、ときには頼もしい 歴史・時代""猫""小説13選","細谷 正充,細谷 正充",,https://ndlsearch.ndl.go.jp/books/R000000004-I032782915,,https://ndlsearch.ndl.go.jp/thumbnail/032782915
愛ラブ猫,"山本, 十夢,谷口, 富, 1946-,山本十夢 文,谷口富 絵",幻冬舎メディアコンサルティング,https://ndlsearch.ndl.go.jp/books/R100000002-I030698920,2020,https://ndlsearch.ndl.go.jp/thumbnail/978-4-344-92980-7
I love letter,"あさの, あつこ, 1954-,あさのあつこ 著",文藝春秋,https://ndlsearch.ndl.go.jp/books/R100000002-I027572816,2016,https://ndlsearch.ndl.go.jp/thumbnail/978-4-16-390519-8
I LOVE猫・絵本 : 酒井駒子 ヒグチユウコ 猫ポストカード豪華8枚セット,MOE編集部 編,白泉社,https://ndlsearch.ndl.go.jp/books/R100000002-I026746500,2015,https://ndlsearch.ndl.go.jp/thumbnail/978-4-592-84303-0
