libkey,formal,address,tel,post,geocode,url_pc
,千早赤阪村くすのきホール図書室,大阪府南河内郡千早赤阪村水分263番地,0721-72-1300,585-0041,"135.6259364,34.463729",http://www.vill.chihayaakasaka.osaka.jp/kosodate_kyoiku/kyoiku/3/3/index.html
,大東市立中央図書館,大阪府大東市新町13-30,072-873-3523,574-0037,"135.623815,34.7036245",http://www.librarydaito.jp/
,大東市立東部図書館,大阪府大東市野崎3-6-1 来ぶらり四条1・2階,072-812-6768,574-0015,"135.642018,34.716614",http://www.librarydaito.jp/
,大東市立西部図書館,大阪府大東市氷野4-4-70,072-873-1451,574-0062,"135.6114468,34.7136345",http://www.librarydaito.jp/
,藤井寺市立生涯学習センター「アイセルシュラホール」図書コーナー,大阪府藤井寺市藤井寺3丁目1番20号,072-952-7800,583-0024,"135.5972906,34.5661253",https://www.city.fujiidera.lg.jp/soshiki/kyoikuiinkai/toshokan/index.html
,藤井寺市立市民総合会館分館・支所図書コーナー,大阪府藤井寺市沢田3-6-36,072-939-7011,583-0024,"135.6147628,34.5725957",https://www.city.fujiidera.lg.jp/soshiki/kyoikuiinkai/toshokan/index.html
,藤井寺市立図書館,大阪府藤井寺市林1-2-2,072-938-2197,583-0007,"135.6056672,34.5742997",https://www.city.fujiidera.lg.jp/soshiki/kyoikuiinkai/toshokan/index.html
,羽曳野市立ブックステーションはびきのコロセアム,大阪府羽曳野市南恵我之荘4丁目237番4号 はびきのコロセアム内,072-937-7210,583-0885,"135.573419,34.563198",https://www.lics-saas.nexs-service.jp/habikino/
,羽曳野市立中央図書館,大阪府羽曳野市軽里1丁目1番1号 羽曳野市立生活文化情報センター「Licはびきの」内,072-950-5501,583-0854,"135.597835,34.553799",https://www.lics-saas.nexs-service.jp/habikino/
,羽曳野市立丹比図書館,大阪府羽曳野市樫山251番地1号 丹比コミュニティセンター「丹治はやプラザ」内,072-937-2355,583-0875,"135.574850,34.556743",https://www.lics-saas.nexs-service.jp/habikino/
,羽曳野市立古市図書館,大阪府羽曳野市古市4丁目2番9号 古市複合館内,072-958-0050,583-0852,"135.609594,34.552144",https://www.lics-saas.nexs-service.jp/habikino/
,羽曳野市立東部図書館,大阪府羽曳野市古市1541-1 東部コミュニティセンター「石川プラザ」内,072-950-2002,583-0852,"135.611641,34.53915",https://www.lics-saas.nexs-service.jp/habikino/
,羽曳野市立羽曳が丘図書館,大阪府羽曳野市羽曳が丘西2丁目5番1号,072-957-5553,583-0865,"135.5907497,34.5413975",https://www.lics-saas.nexs-service.jp/habikino/
,羽曳野市立陵南の森図書館,大阪府羽曳野市島泉8丁目8番1号,072-952-2750,583-0881,"135.584760,34.575544",https://www.lics-saas.nexs-service.jp/habikino/
,阪南市移動図書館「ふれあい号」,大阪府阪南市尾崎町35-3,072-471-9000,599-0201,"135.2406446,34.359791",http://www3.city.hannan.osaka.jp/
,阪南市立図書館,大阪府阪南市尾崎町35-3,072-471-9000,599-0201,"135.2406446,34.359791",http://www3.city.hannan.osaka.jp/
,東大阪市立四条図書館,大阪府東大阪市南四条町1-1,072-982-1235,579-8053,"135.6399787,34.6580608",http://www.lib-higashiosaka.jp/
,東大阪市立永和図書館大蓮分室,大阪府東大阪市大蓮北4-3-25,06-6782-0200,577-0826,"135.5719744,34.6362315",http://www.lib-higashiosaka.jp/
,東大阪市立永和図書館,大阪府東大阪市永和2-1-1,06-6781-5500,577-0809,"135.574202,34.663998",http://www.lib-higashiosaka.jp/
,東大阪市立四条図書館石切分室,大阪府東大阪市北石切町1-7 石切公民分館内,072-982-1030,579-8015,"135.648756,34.686604",http://www.lib-higashiosaka.jp/
,東大阪市立永和移動図書館,大阪府東大阪市大蓮北4-3-25,06-6728-0202,577-0054,"135.5719738,34.6362558",http://www.lib-higashiosaka.jp/
,東大阪市立花園図書館,大阪府東大阪市吉田4-7-20,072-965-7700,578-0924,"135.6242048,34.6705645",http://www.lib-higashiosaka.jp/
,枚方市自動車文庫「ひなぎく号」,大阪府枚方市車塚2丁目1-1,050-7105-8115,573-1159,"135.6716337,34.8334635",https://www.city.hirakata.osaka.jp/soshiki/10-3-0-0-0_10.html
,枚方市立さだ図書館,大阪府枚方市北中振3-27-10 さだ生涯学習市民センター1階,050-7102-3117,573-0064,"135.6285962,34.7970308",https://www.city.hirakata.osaka.jp/soshiki/10-3-0-0-0_10.html
,枚方市立中央図書館,大阪府枚方市車塚2丁目1-1,050-7105-8141,573-1159,"135.671631,34.833413",https://www.city.hirakata.osaka.jp/soshiki/10-3-0-0-0_10.html
,枚方市立図書館宮之阪分室,大阪府枚方市宮之阪1-9-49,072-848-2421,573-0022,"135.656844,34.8133153",https://www.city.hirakata.osaka.jp/soshiki/10-3-0-0-0_10.html
,枚方市立図書館山田分室,大阪府枚方市都丘町6-9,072-840-1921,573-1165,"135.6694009,34.8223508",https://www.city.hirakata.osaka.jp/soshiki/10-3-0-0-0_10.html
,枚方市立市駅前図書館,大阪府枚方市岡東町19-1 ステーションヒル枚方5F,072-841-1103,573-0032,"135.649620,34.816921",https://www.city.hirakata.osaka.jp/0000050167.html
,枚方市立御殿山図書館,大阪府枚方市御殿山町10-16 御殿山生涯学習美術センター内,050-7102-3119,573-1182,"135.6567269,34.8290722",https://www.city.hirakata.osaka.jp/soshiki/10-3-0-0-0_10.html
,枚方市立図書館村野分室,大阪府枚方市村野西町5-1 サプリ村野内,072-849-2416,573-0042,"135.6599496,34.8037552",https://www.city.hirakata.osaka.jp/soshiki/10-3-0-0-0_10.html
,枚方市立図書館枚方公園分室,大阪府枚方市伊加賀東町6-8 枚方公園青少年センター内,072-844-7773,573-0058,"135.637676,34.811166",https://www.city.hirakata.osaka.jp/soshiki/10-3-0-0-0_10.html
,枚方市立楠葉図書館,大阪府枚方市楠葉並木2-29-5 楠葉生涯学習市民センター1階,050-7102-3113,573-1118,"135.6818905,34.8594943",https://www.city.hirakata.osaka.jp/soshiki/10-3-0-0-0_10.html
,枚方市立図書館氷室分室,大阪府枚方市尊延寺3-1-47,072-859-2562,573-0112,"135.7272286,34.8033626",https://www.city.hirakata.osaka.jp/soshiki/10-3-0-0-0_10.html
,枚方市立津田図書館,大阪府枚方市津田北町2-25-3 津田生涯学習市民センター2階,050-7102-3123,573-0121,"135.7032646,34.8096614",https://www.city.hirakata.osaka.jp/soshiki/10-3-0-0-0_10.html
,枚方市立牧野図書館,大阪府枚方市宇山町4-5 牧野生涯学習市民センター1階,050-7102-3121,573-1143,"135.6689533,34.8429292",https://www.city.hirakata.osaka.jp/soshiki/10-3-0-0-0_10.html
,枚方市立菅原図書館,大阪府枚方市長尾元町1-35-1,050-7102-3115,573-0163,"135.7088471,34.8237518",https://www.city.hirakata.osaka.jp/soshiki/10-3-0-0-0_10.html
,枚方市立図書館藤阪分室,大阪府枚方市藤阪西町6-4,072-868-1987,573-0158,"135.7002675,34.819738",https://www.city.hirakata.osaka.jp/soshiki/10-3-0-0-0_10.html
,枚方市立香里ヶ丘図書館,大阪府枚方市香里ケ丘4-2-1,050-7102-3111,573-0084,"135.651399,34.790591",https://www.city.hirakata.osaka.jp/soshiki/10-3-0-0-0_10.html
,枚方市立図書館香里園分室,大阪府枚方市香里園町12-97 香里会館2階,072-831-6080,573-0086,"135.635093,34.786384",https://www.city.hirakata.osaka.jp/soshiki/10-3-0-0-0_10.html
,茨木市立移動図書館「ともしび号」,大阪府茨木市畑田町1番51号,072-627-4129,567-0028,"135.565574,34.8269124",http://www.lib.ibaraki.osaka.jp/
,茨木市立おにクルぶっくぱーく,大阪府茨木市駅前三丁目9-45,072-622-2476,567-0888,"135.5694108,34.8160961",https://www.onikuru.jp/onikuru-book-park/
,茨木市立中央図書館,大阪府茨木市畑田町1番51号,072-627-4129,567-0028,"135.565496,34.826917",http://www.lib.ibaraki.osaka.jp/
,茨木市立図書館大池分室,大阪府茨木市舟木町11番35号 大池コミュニティセンター内,072-634-2530,567-0828,"135.5784788,34.8138195",http://www.lib.ibaraki.osaka.jp/
,茨木市立図書館天王分室,大阪府茨木市天王二丁目13番71号,072-625-7007,567-0876,"135.561979,34.800483",http://www.lib.ibaraki.osaka.jp/
,茨木市立図書館太田分室,大阪府茨木市太田三丁目6番18号,072-623-9076,567-0018,"135.578480,34.842759",http://www.lib.ibaraki.osaka.jp/
,茨木市立図書館山手台分室,大阪府茨木市山手台三丁目32番2号,072-649-1039,567-0009,"135.551025,34.8622247",http://www.lib.ibaraki.osaka.jp/
,茨木市立庄栄図書館,大阪府茨木市庄2丁目26番12号,072-620-1171,567-0806,"135.582049,34.826612",http://www.lib.ibaraki.osaka.jp/
,茨木市立図書館彩都西分室,大阪府茨木市彩都あさぎ一丁目3番4号,072-641-2175,567-0085,"135.523627,34.853120",http://www.lib.ibaraki.osaka.jp/
,茨木市立図書館東分室,大阪府茨木市舟木町11番35号,072-633-8071,567-0828,"135.5784788,34.8138195",http://www.lib.ibaraki.osaka.jp/
,茨木市立水尾図書館,大阪府茨木市水尾3丁目3番18号,072-637-4416,567-0891,"135.5751794,34.8042008",http://www.lib.ibaraki.osaka.jp/
,茨木市立図書館玉島分室,大阪府茨木市平田二丁目25番9号 玉島公民館,072-633-1020,567-0845,"135.590003,34.8043318",http://www.lib.ibaraki.osaka.jp/
,茨木市立図書館白川分室,大阪府茨木市鮎川一丁目8番17号 白川公民館内,072-632-7870,567-0831,"135.5933968,34.8164724",http://www.lib.ibaraki.osaka.jp/
,茨木市立穂積図書館,大阪府茨木市松ヶ本町8番30号,072-620-1056,567-0033,"135.559315,34.810753",http://www.lib.ibaraki.osaka.jp/
,茨木市立図書館豊川分室,大阪府茨木市藤の里二丁目16番8号,072-641-8911,567-0054,"135.5371041,34.836744",http://www.lib.ibaraki.osaka.jp/
,池田市中央公民館図書コーナー,大阪府池田市菅原町1丁目1番 池田市中央公民館1F,072-754-6312,563-0055,"135.4278523,34.8218507",http://lib-ikedacity.jp/
,池田市立図書館,大阪府池田市呉服町1-1 サンシティ池田3階,072-751-2508,563-0048,"135.4250215,34.8214099",http://lib-ikedacity.jp/
,池田市立石橋図書館,大阪府池田市石橋1-23-6 ツナガリエ石橋内,072-760-2383,563-0032,"135.4431006,34.8063608",http://lib-ikedacity.jp/
,池田市移動図書館「さつき号」,大阪府池田市五月丘1丁目10-12,072-751-2508,563-0029,"135.4358987,34.8237522",http://lib-ikedacity.jp/
,和泉市立シティプラザ図書館,大阪府和泉市いぶき野五丁目4番7号,0725-57-6670,594-0041,"135.456820,34.458261",http://www.library.izumi.osaka.jp/
,和泉市立人権文化センター図書室「にじのとしょかん」,大阪府和泉市伯太町六丁目1番20号 人権文化センター「ゆう・ゆうプラザ」内,0725-47-1040,594-0023,"135.433403,34.497184",http://www.library.izumi.osaka.jp/
,和泉市立北部リージョンセンター図書室,大阪府和泉市太町552,0725-90-7512,594-0003,"135.447276,34.506616",http://www.library.izumi.osaka.jp/
,和泉市立南部リージョンセンター図書室,大阪府和泉市仏並町398-1,0725-92-3811,594-1136,"135.4830003,34.423154",http://www.library.izumi.osaka.jp/
,和泉市立和泉図書館,大阪府和泉市府中町一丁目20番1号,0725-44-3071,594-0071,"135.423866,34.486642",http://www.library.izumi.osaka.jp/
,和泉市立図書館自動車文庫「くすのき号」,大阪府和泉市府中町一丁目20番1号,0725-44-3071,594-0071,"135.4230241,34.4866682",http://www.library.izumi.osaka.jp/
,泉佐野市立中央図書館,大阪府泉佐野市市場東一丁目295-1,072-469-7130,598-0005,"135.327913,34.404287",https://library.city.izumisano.lg.jp/
,泉佐野市佐野公民館図書室,大阪府泉佐野市大西一丁目23-9,072-463-6035,598-0043,"135.3125634,34.4099083",https://library.city.izumisano.lg.jp/
,泉佐野市立北部公民館図書室,大阪府泉佐野市下瓦屋222-1,072-469-5171,598-0062,"135.3425024,34.4175664",https://library.city.izumisano.lg.jp/
,泉佐野市日根野公民館図書室,大阪府泉佐野市日根野1660-1,072-468-0808,598-0021,"135.3364689,34.3796375",https://library.city.izumisano.lg.jp/topic/hineno_open.html
,泉佐野市移動図書館「ルリビタキ」,大阪府泉佐野市市場東一丁目295-1,072-469-7130,598-0005,"135.3278374,34.4047118",https://library.city.izumisano.lg.jp/
,泉佐野市長南公民館図書室,大阪府泉佐野市南中樫井1番地,072-465-1101,598-0035,"135.303963,34.385619",https://library.city.izumisano.lg.jp/
,門真市立図書館門真市民プラザ分館,大阪府門真市大字北島546番地,072-887-6648,571-0025,"135.6010866,34.7274079",https://www.lics-saas.nexs-service.jp/kadoma/
,門真市立図書館,大阪府門真市新橋町3-4-101,06-6908-2828,571-0048,"135.5848351,34.737687",https://www.lics-saas.nexs-service.jp/kadoma/
,貝塚市民図書館,大阪府貝塚市畠中1丁目12番1号,0724-33-7200,597-0072,"135.3598669,34.4390281",https://www.kaizuka-library.osaka.jp/TOSHOW/asp/index.aspx
,貝塚市民図書館移動図書館「ひまわり号」,大阪府貝塚市畠中1丁目12-1,0724-33-7200,597-0072,"135.3598696,34.4390253",https://www.kaizuka-library.osaka.jp/TOSHOW/asp/index.aspx
,河南町立図書館,大阪府南河内郡河南町白木1287-1,0721-93-2500,585-0014,"135.630187,34.490445",https://www.town.kanan.osaka.jp/soshiki/kyoikuiinkaijimukyoku/chuokominkan/gyomuannai/1/1/1643.html
,河南町立図書館大宝分室,大阪府南河内郡河南町大宝1丁目2番4号 大宝公民館内,0721-93-6580,585-0005,"135.6324445,34.5047105",https://www.town.kanan.osaka.jp/soshiki/kyoikuiinkaijimukyoku/chuokominkan/gyomuannai/1/1/1643.html
,柏原市立国分図書館,大阪府柏原市田辺1-3-7,072-975-1212,582-0024,"135.637978,34.5629125",https://www.lics-saas.nexs-service.jp/kashiwara/
,柏原市立柏原図書館,大阪府柏原市上市4-1-27,072-971-0335,582-0007,"135.6258228,34.5870045",https://www.lics-saas.nexs-service.jp/kashiwara/
,交野市立第1児童センターこども図書室,大阪府交野市幾野2-6-1,072-893-1144,576-0054,"135.6802672,34.7945902",https://www.katanotoshokan.jp/
,交野市立倉治図書館,大阪府交野市倉治6-9-20,072-891-1825,576-0051,"135.690023,34.796540",https://www.katanotoshokan.jp/
,交野市立星田会館図書室,大阪府交野市星田3-4-3,072-895-2103,576-0016,"135.6712913,34.7654051",https://www.katanotoshokan.jp/
,交野市立図書館自動車文庫「ブンブン号」,大阪府交野市倉治6-9-20,072-891-1825,576-0051,"135.6900163,34.7965514",https://www.katanotoshokan.jp/
,交野市立青年の家図書室,大阪府交野市私部2-29-1 ,072-893-4881,576-0052,"135.678044,34.785015",https://www.katanotoshokan.jp/
,河内長野市自動車文庫「きく1号」,大阪府河内長野市昭栄町7番1号,0721-52-6933,586-0025,"135.5601928,34.4543292",https://www.city.kawachinagano.lg.jp/site/tosho/
,河内長野市三日市公民館図書室,大阪府河内長野市三日市町288-1,0721-62-6155,586-0048,"135.5672121,34.4388032",https://www.city.kawachinagano.lg.jp/site/tosho/
,河内長野市加賀田公民館図書室,大阪府河内長野市加賀田617-4,0721-62-2116,586-0071,"135.5641263,34.4231106",https://www.city.kawachinagano.lg.jp/site/tosho/
,河内長野市千代田公民館図書室,大阪府河内長野市木戸町369-3,0721-55-1125,586-0001,"135.567027,34.466923",https://www.city.kawachinagano.lg.jp/site/tosho/
,河内長野市南花台公民館図書室,大阪府河内長野市南花台8-4-1,0721-63-1131,586-0077,"135.5622209,34.4345065",https://www.city.kawachinagano.lg.jp/site/tosho/
,河内長野市立図書館,大阪府河内長野市昭栄町7番1号,0721-52-6933,586-0025,"135.560429,34.454380",https://www.city.kawachinagano.lg.jp/site/tosho/
,河内長野市天見公民館図書室,大阪府河内長野市岩瀬1244,0721-63-4074,586-0061,"135.5919653,34.4124368",https://www.city.kawachinagano.lg.jp/site/tosho/
,河内長野市天野公民館図書室,大阪府河内長野市天野町1520-5,0721-55-6191,586-0086,"135.5353733,34.4379888",https://www.city.kawachinagano.lg.jp/site/tosho/
,河内長野市川上公民館図書室,大阪府河内長野市寺元501,0721-65-1612,586-0053,"135.5984285,34.4354177",https://www.city.kawachinagano.lg.jp/site/tosho/
,河内長野市高向公民館図書室,大阪府河内長野市高向515-3,0721-54-4548,586-0036,"135.5510163,34.4384586",https://www.city.kawachinagano.lg.jp/site/tosho/
,岸和田市立移動図書館「なかよし号」,大阪府岸和田市岸城町1番18号,072-422-2142,596-0073,"135.3742261,34.4592538",https://www.city.kishiwada.osaka.jp/site/toshokan/
,岸和田市立八木図書館,大阪府岸和田市池尻町339-2 八木市民センター内,072-443-6849,596-0813,"135.412651,34.462985",https://www.city.kishiwada.osaka.jp/site/toshokan/
,岸和田市女性センター図書室,大阪府岸和田市加守町4丁目28番25号,072-441-2535,596-0042,"135.3923102,34.4710863",https://www.city.kishiwada.osaka.jp/site/toshokan/
,岸和田市立山直図書館,大阪府岸和田市三田町715-1 山直市民センター内,072-441-7575,596-0808,"135.4305958,34.4520311",https://www.city.kishiwada.osaka.jp/site/toshokan/
,岸和田市立旭図書館,大阪府岸和田市土生町4丁目3-1 リハーブ3階 東岸和田市民センター内,072-428-6200,596-0825,"135.385917,34.4486638",https://www.city.kishiwada.osaka.jp/site/toshokan/
,岸和田市立春木図書館,大阪府岸和田市春木若松町21-1 春木市民センター内,072-436-0679,596-0006,"135.392421,34.478736",https://www.city.kishiwada.osaka.jp/site/toshokan/
,岸和田市立図書館,大阪府岸和田市岸城町1番18号,072-422-2142,596-0073,"135.3742261,34.4592538",https://www.city.kishiwada.osaka.jp/site/toshokan/
,岸和田市立桜台図書館,大阪府岸和田市下松町4丁目17-1 桜台市民センター内,072-428-9230,596-0823,"135.394917,34.4537786",https://www.city.kishiwada.osaka.jp/site/toshokan/
,熊取町立熊取図書館,大阪府泉南郡熊取町野田4丁目2714-1,072-451-2828,590-0451,"135.3575736,34.4021907",http://www.town.kumatori.lg.jp/shisetsu/tosyokan/
,松原市民三宅図書館,大阪府松原市三宅中3-17-15,072-332-8560,580-0046,"135.556463,34.588401",http://www.trc-matsubara.jp/
,松原市民天美図書館,大阪府松原市天美東7-85,072-336-7300,580-0032,"135.5347418,34.5885599",http://www.trc-matsubara.jp/
,松原市民天美西図書館,大阪府松原市天美西1-18-28,072-330-0551,580-0034,"135.5294483,34.5884084",http://www.trc-matsubara.jp/
,松原市民恵我図書館,大阪府松原市一津屋1-10-15,072-333-2020,580-0003,"135.570060,34.577285",http://www.trc-matsubara.jp/
,松原市民情報ライブラリー,大阪府松原市上田7-11-19,072-335-4000,580-0016,"135.559283,34.5723687",http://www.trc-matsubara.jp/
,松原市民松原図書館「読書の森」,大阪府松原市田井城3-1-46,072-334-8060,580-0044,"135.5482023,34.5772362",http://www.trc-matsubara.jp/
,松原市自動車図書館,大阪府松原市田井城1-2-23,072-334-8060,580-0044,"135.5489642,34.5774375",http://www.trc-matsubara.jp/
,泉大津市立図書館,大阪府泉大津市旭町20-1 アルザタウン泉大津4階,0725-58-6856,595-0025,"135.4074509,34.5025513",https://sheeplaizumiotsutosyokan.osaka.jp/
,箕面市立中央図書館,大阪府箕面市箕面5-11-23,072-722-4580,562-0001,"135.471622,34.830885",http://www.city.minoh.lg.jp/library/
,箕面市らいとぴあ２１図書コーナー,大阪府箕面市萱野1-19-4,072-722-7195,562-0014,"135.483750,34.830891",http://www.city.minoh.lg.jp/library/
,箕面市立小野原図書館,大阪府箕面市小野原西5-2-36 多文化交流センター1階,072-749-5176,562-0032,"135.510971,34.830804",http://www.city.minoh.lg.jp/library/
,箕面市立東図書館,大阪府箕面市粟生間谷西3-1-3,072-729-1321,562-0023,"135.512007,34.844168",http://www.city.minoh.lg.jp/library/
,箕面市立桜ヶ丘図書館,大阪府箕面市桜ヶ丘4-19-3,072-724-8707,562-0046,"135.453663,34.822823",http://www.city.minoh.lg.jp/library/
,箕面市立船場図書館,大阪府箕面市船場東3-10-1,072-727-1033,562-0035,"135.4917577,34.821334",https://www.library.osaka-u.ac.jp/minohsemba/
,箕面市立西南図書館,大阪府箕面市半町4-6-39,072-725-1022,562-0044,"135.45755,34.8115289",http://www.city.minoh.lg.jp/library/
,守口市中部エリアコミュニティセンター図書室,大阪府守口市京阪本通2丁目14-1,06-6991-0318,570-0083,"135.5630954,34.7378841",https://moriguchi-comm.jp/chubuarea/
,守口市八雲東コミュニティセンター図書室,大阪府守口市八雲東町2丁目50-12,06-6906-6300,570-0021,"135.5777883,34.7456304",https://moriguchi-comm.jp/yagumohigashi/
,守口市北部コミュニティセンター図書室,大阪府守口市淀江町6-3,06-6906-5400,570-0004,"135.568195,34.749921",https://moriguchi-comm.jp/hokubu/
,守口市南部エリアコミュニティセンター図書室,大阪府守口市寺方元町4丁目7番6号,06-6993-1341,570-0047,"135.5724838,34.7242162",https://www.moriguchi-cc.jp/nambu
,守口市立図書館,大阪府守口市大日町2-14-10,06-6905-3921,570-0003,"135.577752,34.7517962",https://www.lics-saas.nexs-service.jp/moriguchi/index.html
,守口市庭窪コミュニティセンター図書室,大阪府守口市佐太中町1丁目6-45,06-6902-0580,570-0002,"135.580871,34.7557347",https://www.moriguchi-eastcommu.jp/niwakubo/
,守口文化センター「エナジーホール」図書室,大阪府守口市河原町8-22,06-6992-1276,570-0038,"135.5677506,34.7360788",https://moriguchi-bunkacenter.com/library/
,守口市東部エリアコミュニティセンター図書室,大阪府守口市藤田町1丁目54-11,06-6902-5500,570-0014,"135.5960532,34.7492108",https://www.moriguchi-eastcommu.jp/tobu/
,守口市西部コミュニティセンター図書室,大阪府守口市文園町8番8号,06-6997-4120,570-0074,"135.556924,34.7297211",https://www.moriguchi-cc.jp/seibu
,守口市錦コミュニティセンター図書室,大阪府守口市菊水通4丁目20番10号,06-6991-1548,570-0032,"135.578868,34.724867",https://www.moriguchi-cc.jp/nishiki
,寝屋川市立中央図書館,大阪府寝屋川市早子町23-1-401 アドバンスねやがわ1号館4F,072-800-3711,572-0837,"135.6218967,34.7639806",https://www.city.neyagawa.osaka.jp/organization_list/kyoikuiinkaijimukyoku/tyuutosyo/tosyotop/index.html
,寝屋川市立図書館南分室,大阪府寝屋川市下木田町16-50 南コミュニティセンター内,072-838-0141 [中央図書館],572-0823,"135.621613,34.748633",https://www.city.neyagawa.osaka.jp/organization_list/kyoikuiinkaijimukyoku/tyuutosyo/tosyotop/index.html
,大阪市立都島図書館,大阪府大阪市都島区中野町2-16-25 3階,06-6354-3229,534-0027,"135.5279183,34.7009098",https://www.oml.city.osaka.lg.jp/?page_id=156
,寝屋川市立図書館東北分室,大阪府寝屋川市成田町3-3 東北コミュニティセンター内,072-838-0141 [中央図書館],572-0004,"135.639769,34.777280",https://www.city.neyagawa.osaka.jp/organization_list/kyoikuiinkaijimukyoku/tyuutosyo/tosyotop/index.html
,寝屋川市立東図書館,大阪府寝屋川市秦町41-1 市民会館3F,072-823-0661,572-0848,"135.6314962,34.7629571",https://www.city.neyagawa.osaka.jp/organization_list/kyoikuiinkaijimukyoku/tyuutosyo/tosyotop/index.html
,寝屋川市立移動図書館「おきがる号」,大阪府寝屋川市池田西町28-22 ,072-838-0141,572-0036,"135.6113623,34.7704309",https://www.city.neyagawa.osaka.jp/organization_list/kyoikuiinkaijimukyoku/tyuutosyo/tosyotop/index.html
,寝屋川市立図書館西分室,大阪府寝屋川市池田新町3-23,072-800-3711 [中央図書館],572-0038,"135.6122161,34.7739401",https://www.city.neyagawa.osaka.jp/organization_list/kyoikuiinkaijimukyoku/tyuutosyo/tosyotop/index.html
,寝屋川市立図書館西北分室,大阪府寝屋川市松屋町20-30 西北コミュニティセンター内,072-838-0141 [中央図書館],572-0086,"135.625578,34.785233",https://www.city.neyagawa.osaka.jp/organization_list/kyoikuiinkaijimukyoku/tyuutosyo/tosyotop/index.html
,寝屋川市立図書館西南分室,大阪府寝屋川市上神田1-30-1 西南コミュニティセンター内,072-838-0141 [中央図書館],572-0052,"135.612145,34.756566",https://www.city.neyagawa.osaka.jp/organization_list/kyoikuiinkaijimukyoku/tyuutosyo/tosyotop/index.html
,寝屋川市立寝屋川市駅前図書館,大阪府寝屋川市早子町23番2 アドバンスねやがわ二号館3F,072-811-5544,572-0837,"135.6211584,34.7635032",https://www.city.neyagawa.osaka.jp/organization_list/kyoikuiinkaijimukyoku/tyuutosyo/tosyotop/index.html
,能勢町生涯学習センター図書室,大阪府豊能郡能勢町大里178-2,072-734-3365,563-0352,"135.4133993,34.9717838",http://www.town.nose.osaka.jp/soshiki/syougaigakusyuuka/shogaikyoiku/shogaigakushu/1f/2513.html
,大阪市立自動車文庫,大阪府大阪市西区北堀江4-3-2,06-6539-3305,550-0014,"135.4859838,34.6739536",https://www.oml.city.osaka.lg.jp/?page_id=135
,大阪市立中央図書館,大阪府大阪市西区北堀江4-3-2,06-6539-3300,550-0014,"135.486381,34.673879",https://www.oml.city.osaka.lg.jp/
,大阪市立住之江図書館,大阪府大阪市住之江区南加賀屋3-1-20 3階,06-6683-2788,559-0015,"135.4749674,34.6064447",https://www.oml.city.osaka.lg.jp/?page_id=142
,大阪市立住吉図書館,大阪府大阪市住吉区南住吉3-15-57,06-6606-4946,558-0041,"135.500717,34.604852",https://www.oml.city.osaka.lg.jp/?page_id=143
,大阪市立北図書館,大阪府大阪市北区本庄東3-8-2 3階,06-6375-0410,531-0074,"135.508517,34.7158298",https://www.oml.city.osaka.lg.jp/?page_id=398
,大阪市立城東図書館,大阪府大阪市城東区中央3丁目5-45,06-6933-0350,536-0005,"135.5448759,34.7032023",http://www.oml.city.osaka.lg.jp/?page_id=141
,大阪市立大正図書館,大阪府大阪市大正区千島2-6-15,06-6552-1116,551-0003,"135.472182,34.650889",http://www.oml.city.osaka.lg.jp/?page_id=144
,大阪市立天王寺図書館,大阪府大阪市天王寺区上之宮町4-47,06-6771-2840,543-0037,"135.5220948,34.6615163",http://www.oml.city.osaka.lg.jp/?page_id=146
,大阪市立島之内図書館,大阪府大阪市中央区島之内2-12-31 3階,06-6211-3645,542-0082,"135.5079347,34.6716151",http://www.oml.city.osaka.lg.jp/?page_id=140
,大阪市立平野図書館,大阪府大阪市平野区平野東1-8-2,06-6793-0881,547-0043,"135.5593814,34.6243854",https://www.oml.city.osaka.lg.jp/?page_id=153
,大阪市立旭図書館,大阪府大阪市旭区中宮1-11-14,06-6955-0307,535-0003,"135.542576,34.721094",https://www.oml.city.osaka.lg.jp/?page_id=136
,大阪市立東住吉図書館,大阪府大阪市東住吉区東田辺2-11-28 3階,06-6699-7000,546-0032,"135.5275618,34.6205824",https://www.oml.city.osaka.lg.jp/?page_id=150
,大阪市立東成図書館,大阪府大阪市東成区大今里西3-2-17 東成区民センター8階,06-6972-0727,537-0014,"135.5414095,34.66808",http://www.oml.city.osaka.lg.jp/?page_id=151
,大阪市立東淀川図書館,大阪府大阪市東淀川区東淡路1-4-53 3階,06-6323-5476,533-0023,"135.5197799,34.7338975",http://www.oml.city.osaka.lg.jp/?page_id=152
,大阪市立此花図書館,大阪府大阪市此花区四貫島1-1-18 2階,06-6463-3463,554-0014,"135.457111,34.6859125",https://www.oml.city.osaka.lg.jp/?page_id=139
,大阪市立浪速図書館,大阪府大阪市浪速区敷津西1-5-23,06-6632-4946,556-0015,"135.4960556,34.6585833",http://www.oml.city.osaka.lg.jp/?page_id=147
,大阪市立淀川図書館,大阪府大阪市淀川区新北野1-10-14,06-6305-2346,532-0025,"135.481234,34.716085",http://www.oml.city.osaka.lg.jp/?page_id=157
,大阪市立港図書館,大阪府大阪市港区弁天2-1-5 3階,06-6576-2346,552-0007,"135.4588559,34.6677397",http://www.oml.city.osaka.lg.jp/?page_id=155
,大阪市立生野図書館,大阪府大阪市生野区勝山南4-7-11 3階,06-6717-2381,544-0021,"135.539774,34.6531206",http://www.oml.city.osaka.lg.jp/?page_id=138
,大阪市立福島図書館,大阪府大阪市福島区吉野3-17-23 3階,06-6468-2336,553-0006,"135.4731066,34.6915345",http://www.oml.city.osaka.lg.jp/?page_id=154
,大阪市立西成図書館,大阪府大阪市西成区岸里1-1-50 3階,06-6659-2346,557-0041,"135.4949925,34.6345696",http://www.oml.city.osaka.lg.jp/?page_id=148
,大阪市立西淀川図書館,大阪府大阪市西淀川区御幣島1-2-10 大阪市西淀川区役所地下1階,06-6474-7900,555-0012,"135.456137,34.7114546",https://www.oml.city.osaka.lg.jp/?page_id=149
,豊中市立野畑図書館,大阪府豊中市春日町4-11-1,06-6845-2400,560-0052,"135.4700742,34.8115262",https://www.lib.toyonaka.osaka.jp/
,大阪市立阿倍野図書館,大阪府大阪市阿倍野区阿倍野筋4-19-118 3階,06-6656-1009,545-0052,"135.5106298,34.6409299",https://www.oml.city.osaka.lg.jp/?page_id=137
,大阪市立鶴見図書館,大阪府大阪市鶴見区横堤5-3-15,06-6913-0772,538-0052,"135.573468,34.704298",https://www.oml.city.osaka.lg.jp/?page_id=145
,大阪狭山市立図書館,大阪府大阪狭山市今熊一丁目106,072-366-0071,589-0021,"135.543073,34.497141",https://www.lics-saas.nexs-service.jp/osakasayama/
,大阪府立中之島図書館,大阪府大阪市北区中之島1-2-10,06-6203-0474,530-0005,"135.5031678,34.6936794",http://www.library.pref.osaka.jp/site/nakato/
,大阪府立中央図書館,大阪府東大阪市荒本北1-2-1,06-6745-0170,577-0011,"135.6005651,34.6809354",http://www.library.pref.osaka.jp/
,堺市立中図書館,大阪府堺市中区深井清水町1426,072-270-8140,599-8273,"135.491362,34.534321",http://www.city.sakai.lg.jp/kosodate/library/
,堺市立中央図書館,大阪府堺市堺区大仙中町18-1,072-244-3811,590-0801,"135.4810316,34.5614021",http://www.city.sakai.lg.jp/kosodate/library/
,堺市立人権ふれあいセンター図書ホール,大阪府堺市堺区協和町2丁61,072-245-2534,590-0822,"135.469008,34.563987",http://www.city.sakai.lg.jp/kosodate/library/
,堺市立東図書館初芝分館,大阪府堺市東区野尻町221-4,072-286-0071,599-8116,"135.522989,34.540527",http://www.city.sakai.lg.jp/kosodate/library/
,堺市立北図書館,大阪府堺市北区新金岡町5丁1-4,072-258-6850,591-8021,"135.5171917,34.5654776",http://www.city.sakai.lg.jp/kosodate/library/
,堺市立南図書館,大阪府堺市南区茶山台1丁7-1,072-294-0123,590-0115,"135.511297,34.494992",http://www.city.sakai.lg.jp/kosodate/library/
,堺市立中央図書館堺市駅前分館,大阪府堺市堺区田出井町1-1-300,072-222-0140,590-0014,"135.496083,34.577247",http://www.city.sakai.lg.jp/kosodate/library/
,堺市立東図書館,大阪府堺市東区北野田1077 アミナス北野田4F,072-235-1345,599-8123,"135.5424433,34.5233351",http://www.city.sakai.lg.jp/kosodate/library/
,堺市立中図書館東百舌鳥分館,大阪府堺市中区土塔町2363-23,072-234-9600,599-8234,"135.508553,34.537105",http://www.city.sakai.lg.jp/kosodate/library/
,堺市立南図書館栂分館,大阪府堺市南区桃山台2丁1-2,072-296-0025,590-0141,"135.4893015,34.4858243",http://www.city.sakai.lg.jp/kosodate/library/
,堺市立中央図書館移動図書館「くすのき号」,大阪府堺市堺区大仙中町18-1,072-244-3811,590-0801,"135.4810316,34.5614021",http://www.city.sakai.lg.jp/kosodate/library/
,堺市立美原図書館,大阪府堺市美原区黒山167-14,072-369-1166,587-0002,"135.559216,34.538998",http://www.city.sakai.lg.jp/kosodate/library/
,堺市立南図書館美木多分館,大阪府堺市南区鴨谷台2丁4-1,072-296-2111,590-0138,"135.478469,34.474407",http://www.city.sakai.lg.jp/kosodate/library/
,堺市立西図書館,大阪府堺市西区鳳南町4丁444-1,072-271-2032,593-8325,"135.4619504,34.5278361",http://www.city.sakai.lg.jp/kosodate/library/
,堺市立青少年センター図書室,大阪府堺市堺区柳之町西1丁3-19,072-228-6331,590-0930,"135.4809034,34.5873217",http://www.city.sakai.lg.jp/kosodate/library/
,泉南市立図書館,大阪府泉南市馬場一丁目2-1,072-482-7766,590-0525,"135.270284,34.363234",https://library.city.sennan.osaka.jp/toshow/asp/index.aspx
,泉南市自動車図書館｢かしのき号｣,大阪府泉南市馬場一丁目2-1,072-482-7766,590-0525,"135.2634011,34.3611661",https://library.city.sennan.osaka.jp/toshow/asp/index.aspx
,摂津市民図書館,大阪府摂津市正雀4丁目9番25号,06-6319-0577,566-0023,"135.553112,34.7723735",https://www.city.settsu.osaka.jp/soshiki/kyouikusoumubu/shougaigakushuuka/toshokan2/index.html
,摂津市立鳥飼図書センター,大阪府摂津市鳥飼本町5丁目12番5号,0726-53-1040,566-0052,"135.5791263,34.7744684",https://www.city.settsu.osaka.jp/soshiki/kyouikusoumubu/shougaigakushuuka/toshokan2/index.html
,四條畷市立四條畷図書館,大阪府四條畷市中野3丁目5-25 市民総合センター2階,072-878-3743,575-0052,"135.6439436,34.741007",https://www.library.city.shijonawate.lg.jp/
,四條畷市立田原図書館,大阪府四條畷市上田原1番地 グリーンホール田原2階,0743-78-8844,575-0014,"135.7001526,34.7276894",https://www.library.city.shijonawate.lg.jp/
,島本町立図書館,大阪府三島郡島本町桜井3-4-1,075-962-4364,618-0022,"135.660840,34.882845",https://www.town.shimamoto.lg.jp/site/library/
,島本町立移動図書館,大阪府三島郡島本町桜井3-4-1,075-962-4364,618-0022,"135.6603897,34.8829109",https://www.town.shimamoto.lg.jp/site/library/
,吹田市立さんくす図書館,大阪府吹田市朝日町3-501 さんくす3番館5階,06-6317-0037,564-0027,"135.524436,34.762530",http://www.lib.suita.osaka.jp/
,吹田市立中央図書館,大阪府吹田市出口町18-9,06-6387-0071,564-0072,"135.5159183,34.7644187",http://www.lib.suita.osaka.jp/
,吹田市立健都ライブラリー,大阪府吹田市岸部新町2-31,06-6388-3800,564-0018,"135.5324198,34.7723038",http://www.lib.suita.osaka.jp/?page_id=392
,吹田市立図書館北千里分室,大阪府吹田市古江台4-2-D7 北千里地区公民館1階,06-6834-2922,565-0874,"135.5101626,34.8189899",http://www.lib.suita.osaka.jp/
,吹田市立千里山・佐井寺図書館,大阪府吹田市千里山松が丘25-2,06-6192-0516,565-0843,"135.509245,34.779989",http://www.lib.suita.osaka.jp/
,吹田市立千里図書館,大阪府吹田市津雲台1丁目2番1号 千里ニュータウンプラザ3階,06-6834-0132,565-0862,"135.508350,34.793115",http://www.lib.suita.osaka.jp/
,吹田市立千里丘図書館,大阪府吹田市千里丘上14番33号,06-6877-4060,565-0811,"135.550856,34.795394",http://www.lib.suita.osaka.jp/
,吹田市立図書館山田分室,大阪府吹田市山田西2-5-1 山田出張所3階,06-6875-1235,565-0824,"135.5287864,34.7948347",http://www.lib.suita.osaka.jp/
,吹田市立山田駅前図書館,大阪府吹田市山田西4-2-43 吹田市立子育て青少年拠点夢つながり未来館「ゆいぴあ」地下1・2階,06-6816-7722,565-0824,"135.5160375,34.8046194",http://www.lib.suita.osaka.jp/
,吹田市立江坂図書館,大阪府吹田市江坂町1-19-1,06-6385-3766,564-0063,"135.4995866,34.7593244",http://www.lib.suita.osaka.jp/
,吹田市自動車文庫「ゆめぶんこ」,大阪府吹田市出口町18-9,06-6387-0071,564-0072,"135.5159183,34.7644187",http://www.lib.suita.osaka.jp/
,吹田市立男女共同参画センター「デュオ」情報ライブラリー,大阪府吹田市出口町2-1,06-6388-1451,564-0072,"135.518565,34.764219",http://www.city.suita.osaka.jp/home/soshiki/div-shimin/danjoc.html
,忠岡町図書館,大阪府泉北郡忠岡町忠岡南1-18-17,0725-33-1153,595-0813,"135.3956183,34.4890369",http://www.town.tadaoka.osaka.jp/?ka_details=%E5%9B%B3%E6%9B%B8%E9%A4%A80
,太子町立図書室,大阪府南河内郡太子町山田88,0721-98-5526,583-0992,"135.6478251,34.5190426",https://www.town.taishi.osaka.jp/busyo/kyouiku_jimu/syougaigakusyuuka/ivent4/index.html
,田尻町立公民館図書室,大阪府泉南郡田尻町嘉祥寺1120-2,072-466-0030,598-0091,"135.287996,34.394907",https://lib-tajiri-town.jp/
,高石市立図書館分館,大阪府高石市取石3-9-8 高石市複合コミュニティーセンター「とろしプラザ」1F,072-260-0550,592-0013,"135.4533876,34.5183565",https://www.lics-saas.nexs-service.jp/takaishi/index.html
,高石市立図書館,大阪府高石市綾園1-9-1 アプラたかいし4F,072-263-3100,592-0014,"135.4340198,34.5212864",https://www.lics-saas.nexs-service.jp/takaishi/index.html
,高槻市立中央図書館ミューズ子ども分室,大阪府高槻市白梅町7-1 関西大学高槻ミューズキャンパス内,072-683-1911,569-1098,"135.622130,34.855222",http://www.library.city.takatsuki.osaka.jp/
,高槻市立中央図書館,大阪府高槻市桃園町2-1 総合センター2階,072-674-7800,569-0067,"135.617330,34.846631",http://www.library.city.takatsuki.osaka.jp/
,高槻市立小寺池図書館,大阪府高槻市西五百住町1-1,072-696-2880,569-0813,"135.5950434,34.835204",http://www.library.city.takatsuki.osaka.jp/
,高槻市立服部図書館,大阪府高槻市浦堂二丁目15番1号,072-668-1085,569-1027,"135.603413,34.865379",http://www.library.city.takatsuki.osaka.jp/
,高槻市立芝生図書館,大阪府高槻市芝生町4丁目3-11,072-678-7401,569-0823,"135.6097477,34.8221638",http://www.library.city.takatsuki.osaka.jp/
,高槻市立阿武山図書館,大阪府高槻市奈佐原2丁目11-12,072-693-9333,569-1041,"135.580120,34.860297",http://www.library.city.takatsuki.osaka.jp/
,富田林市立図書館自動車文庫「つつじ号」,大阪府富田林市本町16-28,0721-25-4921(中央図書館),584-0093,"135.5996942,34.5031541",https://www.city.tondabayashi.lg.jp/site/library/
,富田林市立中央図書館,大阪府富田林市本町16-28,0721-25-4921,584-0093,"135.5997329,34.5031548",https://www.city.tondabayashi.lg.jp/site/library/
,富田林市立図書館東分室,大阪府富田林市山中田町1-5-50 東公民館内,0721-25-1781,584-0045,"135.6096596,34.4989247",https://www.city.tondabayashi.lg.jp/site/library/
,富田林市立金剛図書館,大阪府富田林市高辺台2丁目1-2,0721-28-1171,584-0072,"135.5744383,34.5002019",https://www.city.tondabayashi.lg.jp/site/library/
,豊中市立いぶき図書室,大阪府豊中市服部西町1-13-1 青年の家いぶき内,06-6843-4553 [岡町図書館],561-0858,"135.466444,34.763143",https://www.lib.toyonaka.osaka.jp/
,豊中市立利倉西センター図書室,大阪府豊中市利倉西1-4-22,06-6843-4533,561-0844,"135.4529962,34.7619873",https://www.lib.toyonaka.osaka.jp/
,豊中市動く図書館「とよ1ぶっくる」,大阪府豊中市岡町北3-4-2,06-6843-4553,561-0884,"135.4635143,34.7803382",https://www.lib.toyonaka.osaka.jp/
,豊中市立千里図書館,大阪府豊中市新千里東町1-2-2 千里文化センター「コラボ」4F,06-6831-0225,560-0082,"135.4944821,34.8105855",https://www.lib.toyonaka.osaka.jp/
,豊中市立岡町図書館,大阪府豊中市岡町北3-4-2,06-6843-4553,561-0884,"135.4635143,34.7803382",https://www.lib.toyonaka.osaka.jp/
,豊中市立庄内幸町図書館,大阪府豊中市庄内幸町4-26-14,06-6332-8220,561-0833,"135.4684203,34.7469001",https://www.lib.toyonaka.osaka.jp/
,豊中市立庄内図書館,大阪府豊中市庄内幸町4-29-1,06-6334-1261,561-0833,"135.470806,34.747090",https://www.lib.toyonaka.osaka.jp/
,豊中市立服部図書館,大阪府豊中市服部本町5-2-8,06-6862-0800,561-0852,"135.477341,34.769403",https://www.lib.toyonaka.osaka.jp/
,豊中市立東豊中図書館,大阪府豊中市東豊中町5-2-1,06-6856-4660,560-0003,"135.4884067,34.7950364",https://www.lib.toyonaka.osaka.jp/
,豊中市立蛍池図書館,大阪府豊中市蛍池中町3-2-1-502 ルシオーレビル5F,06-6840-8000,560-0033,"135.4489289,34.7941224",https://www.lib.toyonaka.osaka.jp/
,豊中市バス図書室,大阪府豊中市上津島3丁目4-1 豊島西小学校内,06-6843-4553 [岡町図書館],561-0843,"135.458404,34.759224",https://www.lib.toyonaka.osaka.jp/
,豊中市立高川図書館,大阪府豊中市豊南町東1-1-2,06-6336-6901,561-0814,"135.483612,34.753570",https://www.lib.toyonaka.osaka.jp/
,豊能町中央公民館図書室,大阪府豊能郡豊能町余野26,072-739-3429,563-0219,"135.4942014,34.91787",http://www.town.toyono.osaka.jp/page/page003670.html#chuou
,豊能町立図書館,大阪府豊能郡豊能町光風台5-1-2,072-738-3304,563-0104,"135.442350,34.901309",http://www.town.toyono.osaka.jp/page/dir003948.html
,八尾市立八尾図書館,大阪府八尾市本町2-2-8,072-993-3606,581-0003,"135.600115,34.626305",http://web-lib.city.yao.osaka.jp/
,八尾市立山本図書館,大阪府八尾市山本町1-8-11,072-995-3883,581-0867,"135.621052,34.628033",http://web-lib.city.yao.osaka.jp/
,八尾市立志紀図書館,大阪府八尾市志紀町西1-3,072-948-5454,581-0094,"135.608079,34.601275",http://web-lib.city.yao.osaka.jp/
,八尾市移動図書館「ふれあい号」,大阪府八尾市本町2-2-8,072-993-3606,581-0003,"135.599836,34.6264024",http://web-lib.city.yao.osaka.jp/
,八尾市立龍華図書館,大阪府八尾市南太子堂2丁目1-45,072-922-8007,581-0056,"135.589044,34.612357",http://web-lib.city.yao.osaka.jp/
,関西アメリカンセンター・レファレンス資料室,大阪府大阪市北区西天満2-11-5 米国総領事館ビル6階,06-6315-5970,530-8543,"135.5019233,34.6968402",https://jp.usembassy.gov/ja/embassy-consulates-ja/osaka-ja/
,大阪市立男女共同参画センター「クレオ大阪」中央館情報・図書コーナー,大阪府大阪市天王寺区上汐5-6-25,06-6770-7200,543-0002,"135.5155677,34.6598221",http://www.creo-osaka.or.jp/chuou/refe_index.html
,大阪市立男女共同参画センター「クレオ大阪」南部館情報・図書コーナー,大阪府大阪市平野区喜連西6-2-33,06-6705-1100,547-0026,"135.548416,34.6106143",http://www.creo-osaka.or.jp/south/refe_index.html
,大阪市立男女共同参画センター「クレオ大阪」子育て活動支援館情報・図書コーナー,大阪府大阪市東淀川区東淡路1-4-21,06-6320-6300,533-0023,"135.5196077,34.7344252",http://www.creo-osaka.or.jp/north/refe_index.html
,大阪市立男女共同参画センター「クレオ大阪」東部館情報・図書コーナー,大阪府大阪市城東区鴫野西2-1-21,06-6965-1200,536-0014,"135.5363457,34.6915857",http://www.creo-osaka.or.jp/east/refe_index.html
,大阪市立男女共同参画センター「クレオ大阪」西部館情報・図書コーナー,大阪府大阪市此花区西九条6-1-20,06-6460-7800,554-0012,"135.4633217,34.6818548",http://www.creo-osaka.or.jp/west/refe_index.html
,大阪府立男女共同参画・青少年センター「ドーンセンター」情報ライブラリー,大阪府大阪市中央区大手前1-3-49,06-6910-8616,540-0008,"135.5207748,34.6900007",http://www.dawncenter.jp/libsrch/
,阪急文化財団池田文庫,大阪府池田市栄本町12-1,072-751-3185,563-0058,"135.4283938,34.8252797",http://www.hankyu-bunka.or.jp/ikedabunko/
,国立文楽劇場図書閲覧室,大阪府大阪市中央区日本橋1-12-10,06-6212-2531,542-0073,"135.5087042,34.6674545",http://www.ntj.jac.go.jp/bunraku/lib.html
,大阪府立国際児童文学館,大阪府東大阪市荒本北1丁目2-1 大阪府立中央図書館内,06-6744-0581,577-0011,"135.6005651,34.6809354",http://www.library.pref.osaka.jp/site/jibunkan/
,国際交流基金関西国際センター図書館,大阪府泉南郡田尻町りんくうポート北3-14,072-490-2605,598-0093,"135.288017,34.399397",https://www.jpf.go.jp/j/kansai/index.html
,大阪産業労働資料館「エル・ライブラリー」,大阪府大阪市中央区北浜東3-14 エルおおさか4F,06-6947-7722,540-0031,"135.5130051,34.6899146",http://shaunkyo.jp/
,国立民族学博物館図書室,大阪府吹田市千里万博公園10番1号,06-6878-8271,565-8511,"135.529905,34.812831",http://www.minpaku.ac.jp/research/sharing/library
,大阪中之島美術館アーカイブズ情報室,大阪府大阪市北区中之島4-3-1,06-6479-0550,530-0005,"135.491570,34.692152",https://nakka-art.jp/collection/archive/
,国立国際美術館,大阪府大阪市北区中之島4-2-55,06-6447-4680,530-0005,"135.4919418,34.691763",http://www.nmao.go.jp/guide/opac.html
,大阪府看護協会図書室,大阪府大阪市中央区城見2-2-22 マルイトOBPビル8階,06-6947-6900,540-0001,"135.5325764,34.6939632",http://www.osaka-kangokyokai.or.jp/CMS/00012.html
,大阪歴史博物館・学習情報センター「なにわ歴史塾」,大阪府大阪市中央区大手前4丁目1-32,06-6946-5728,540-0008,"135.5208035,34.6826244",https://www.osakamushis.jp/visit/naniwajuku.html
,大阪府こころの健康総合センター「こころのオアシス」こころの健康図書コーナー,大阪府大阪市住吉区万代東3丁目1-46,06-6691-2811,558-0056,"135.5038836,34.615744",http://www.pref.osaka.lg.jp/kokoronokenko/kokoro_tosyo/index.html
,茨木市立男女共生センターローズWAM「ネットワークギャラリー」,大阪府茨木市元町4-7,072-620-9920,567-0882,"135.5707107,34.8172043",https://www.city.ibaraki.osaka.jp/kikou/shimin/wam/tosho/index.html
,サピエ図書館／視覚障害者情報総合ネットワーク,大阪府大阪市西区江戸堀1-13-2,06-6441-1078,550-0002,"135.496051,34.692001",https://www.sapie.or.jp/
,大阪市立住まい情報センター,大阪府大阪市北区天神橋6丁目4-20,06-6242-1160,530-0041,"135.511720,34.710346",http://www.osaka-angenet.jp/library/
,証券図書館（大阪）,大阪府大阪市中央区北浜1-5-5 大阪平和ビル地下1階,06-6201-0062,541-0041,"135.5078813,34.6908021",https://www.jsri.or.jp/jsri/activities/library/
,とよなか男女共同参画推進センターすてっぷ情報ライブラリー,大阪府豊中市玉井町1-1-1-501,06-6844-9735,560-0026,"135.4612643,34.7869207",http://toyonaka-step.jp/
,大阪市社会福祉研修・情報センター「ウェルおおさか」図書・資料閲覧室,大阪府大阪市西成区出城2-5-20,06-4392-8233,557-0024,"135.490793,34.649955",https://wel-osaka.com/floor2.html
,藍野大学中央図書館,大阪府茨木市東太田4-5-4,072-625-6369,567-0012,"135.580138,34.843211",http://www.aino.ac.jp/centrallibrary/
,藍野大学短期大学部青葉丘図書館,大阪府富田林市青葉丘11-1,072-366-1106,584-0076,"135.561354,34.5043415",http://www.lib-eye.net/aino/page_detail?id=109
,桃山学院大学図書館,大阪府和泉市まなび野1番1号,0725-54-3131,594-1198,"135.4539941,34.4517895",https://www.andrew.ac.jp/library/index.html
,梅花女子大学図書館,大阪府茨木市宿久庄2-19-5,072-643-8498,567-8578,"135.5348958,34.8426404",http://www.baika.ac.jp/~lib/
,大阪音楽大学付属図書館,大阪府豊中市庄内幸町1-1-8,06-6334-2934,561-8555,"135.470284,34.754638",http://www.daion.ac.jp/about/library/
,大阪商業大学図書館,大阪府東大阪市御厨栄町4-1-10,06-6781-5280,577-8505,"135.584298,34.666313",https://ouc.daishodai.ac.jp/lib/
,関西福祉科学大学・関西女子短期大学図書館,大阪府柏原市旭ケ丘3-11-1 大学本館3階,072-978-0644,582-0026,"135.6367768,34.5573655",https://www.fuksi-kagk-u.ac.jp/profile/librarytop.html
,羽衣国際大学学術情報センター,大阪府堺市西区浜寺南町1-89-1,072-265-7000,592-8344,"135.447888,34.534639",http://www.hagoromo.ac.jp/lib/
,阪南大学図書館南キャンパス分室,大阪府松原市天美南1-108-1,072-332-1224 [阪南大学図書館],580-0033,"135.5418977,34.584895",http://www2.hannan-u.ac.jp/lib/
,阪南大学図書館,大阪府松原市天美東5-4-33,072-332-1224,580-8502,"135.534881,34.591443",http://www2.hannan-u.ac.jp/lib/
,平安女学院大学図書館,大阪府高槻市南平台5丁目81-1,072-696-4947,569-1092,"135.585928,34.868086",http://www.heian.ac.jp/student/campus-life/library/
,東大阪大学・東大阪大学短期大学部附属図書館,大阪府東大阪市西堤学園町3-1-1,06-6782-2837,577-8567,"135.581061,34.676392",http://www.higashiosaka.ac.jp/~library/
,大阪総合保育大学・大阪城南女子短期大学附属図書館,大阪府大阪市東住吉区湯里6-4-26,06-6702-9820,546-0013,"135.5389278,34.6105726",http://www.jonan.jp/biblio/
,関西大学ミューズ大学図書館,大阪府高槻市白梅町7番1号 西館1階,072-684-4136,569-1098,"135.622128,34.855222",https://opac.lib.kansai-u.ac.jp/
,関西大学堺キャンパス図書館,大阪府堺市堺区香ヶ丘町1丁11番1号,072-229-5138,590-8515,"135.4926495,34.5899162",https://opac.lib.kansai-u.ac.jp/
,関西大学総合図書館,大阪府吹田市山手町3丁目3番35号,06-6368-1157,564-8680,"135.510041,34.773990",https://opac.lib.kansai-u.ac.jp/
,関西大学高槻図書室,大阪府高槻市霊仙寺町2丁目1番1号,072-690-2175,569-1095,"135.576178,34.877514",https://opac.lib.kansai-u.ac.jp/
,関西外国語大学図書館（中宮キャンパス）,大阪府枚方市中宮東之町16-1,072-805-2801,573-1001,"135.663512,34.822355",http://library.kansaigaidai.ac.jp/
,関西外国語大学図書館（御殿山キャンパス・グローバルタウン）,大阪府枚方市御殿山南町6-1,072-805-2707,573-1008,"135.657651,34.823667",http://library.kansaigaidai.ac.jp/
,大阪経済法科大学八尾駅前キャンパス図書館,大阪府八尾市北本町2丁目10-45,072-920-4711,581-8522,"135.6030581,34.6337796",http://www.keiho-u.ac.jp/campuslife/library/
,大阪経済法科大学花岡キャンパス図書館,大阪府八尾市楽音寺6-10,072-920-7081,581-8511,"135.644528,34.640278",http://www.keiho-u.ac.jp/campuslife/library/
,大阪健康福祉短期大学図書館,大阪府堺市西区鳳南町5-598,072-274-1310,593-8325,"135.4625841,34.52794799999999",http://www.kenko-fukushi.ac.jp/web/campus-life/facility/library.php
,近畿大学中央図書館,大阪府東大阪市小若江3-4-1,06-4307-3089,577-8502,"135.586917,34.6514162",http://www.clib.kindai.ac.jp/
,近畿大学医学部図書館,大阪府大阪狭山市大野東377-2,072-366-0221,589-8511,"135.551365,34.476975",http://www.med.kindai.ac.jp/libro/
,近畿大学附属看護専門学校図書室,大阪府大阪狭山市大野東102-1,072-366-6389,589-0014,"135.5473602,34.4746961",http://sv2.opac.jp/paop/cgi-bin/index.cgi?LibId=053m9bi
,千里金蘭大学付属図書館,大阪府吹田市藤白台5-25-1,06-6872-7472,565-0873,"135.513747,34.826118",https://www.kinran.ac.jp/institution/library.html
,京都大学原子炉実験所図書室,大阪府泉南郡熊取町朝代西2丁目,072-451-2311,590-0494,"135.349830,34.387920",http://www.rri.kyoto-u.ac.jp/library/index.html
,京都大学複合原子力科学研究所図書室,大阪府泉南郡熊取町朝代西2丁目,072-451-2311,590-0494,"135.349864,34.387947",http://www.kulib.kyoto-u.ac.jp/newdb/12117
,森ノ宮医療大学附属図書館,大阪府大阪市住之江区南港北1-26-16,06-6616-6922,559-8611,"135.413708,34.6415107",http://www.morinomiya-u.ac.jp/campus/library.html
,大阪人間科学大学図書館（薫英学園図書館）,大阪府摂津市正雀1-4-1,06-6381-3000,566-8501,"135.547703,34.779867",https://www.ohs.ac.jp/for_student/library/
,大阪保健医療大学図書館,大阪府大阪市北区天満1-17-3,06-6354-0091,530-0043,"135.5190385,34.6949047",https://ohsu.opac.jp/opac/top
,大阪国際大学守口図書館,大阪府守口市藤田町6-21-57,06-6907-4323,570-8555,"135.603861,34.747810",https://opac.lib.oiu.ac.jp/drupal/
,大阪大学附属図書館外国学図書館,大阪府箕面市船場東3-10-1,072-730-5126,562-0035,"135.491919,34.822197",https://www.library.osaka-u.ac.jp/gaikoku/
,大阪大学大学院法学研究科ローライブラリー,大阪府豊中市待兼山町1-6 豊中キャンパス 法経研究棟2階,06-6850-5179,560-0043,"135.454094,34.804663",https://www.library.osaka-u.ac.jp/
,大阪大学附属図書館理工学図書館,大阪府吹田市山田丘2-1,06-6879-7187,565-0871,"135.522872,34.822287",https://www.library.osaka-u.ac.jp/rikou/
,大阪大学附属図書館生命科学図書館,大阪府吹田市山田丘2-3,06-6879-2415,565-0871,"135.525801,34.818884",https://www.library.osaka-u.ac.jp/seimei/
,大阪大学附属図書館総合図書館,大阪府豊中市待兼山町1-4,06-6850-5067,560-0043,"135.455143,34.805083",https://www.library.osaka-u.ac.jp/sougou/
,大阪電気通信大学四條畷キャンパス図書館,大阪府四條畷市清瀧1130-70,072-876-5075,575-0063,"135.6588005,34.742093",http://www.lib.osakac.ac.jp/
,大阪電気通信大学図書館,大阪府寝屋川市初町18-8,072-824-1131,572-8530,"135.625418,34.760521",http://www.lib.osakac.ac.jp/
,大阪電気通信大学駅前キャンパス図書館,大阪府寝屋川市早子町12-16,072-824-1143,572-0837,"135.6228309,34.7636765",http://www.lib.osakac.ac.jp/
,大阪青山大学図書館,大阪府箕面市新稲2-11-1,072-722-4165,562-8580,"135.456162,34.833499",https://www.osaka-aoyama.ac.jp/facility/library/
,大阪千代田短期大学図書館,大阪府河内長野市小山田町1685,0721-50-1350,586-8511,"135.5489024,34.44553",https://www.chiyoda.ac.jp/library-top/chiyotan_library/
,大阪公立大学中百舌鳥図書館A4棟分室,大阪府堺市中区学園町1-1 A4棟2階,072-254-9772,599-8531,"135.506287,34.546775",https://www.omu.ac.jp/library/
,大阪公立大学中百舌鳥図書館B3棟分室,大阪府堺市中区学園町1-1 B3棟6階,072-254-9554,599-8531,"135.504902,34.545396",https://www.omu.ac.jp/library/
,大阪公立大学りんくう図書室,大阪府泉佐野市りんくう往来北1番地の58,072-463-5763,598-8531,"135.3020835,34.4133773",https://www.omu.ac.jp/library/
,大阪公立大学中百舌鳥図書館,大阪府堺市中区学園町1番1号,072-254-9152,599-8531,"135.505928,34.544533",https://www.omu.ac.jp/library/
,大阪公立大学杉本図書館,大阪府大阪市住吉区杉本3-3-138,06-6605-3240,558-8585,"135.505527,34.592352",https://www.omu.ac.jp/library/
,大阪公立大学梅田サテライト図書コーナー,大阪府大阪市北区梅田1-2-2-600 大阪駅前第2ビル6階,06-6605-3240 [杉本図書館],530-0001,"135.4982431,34.6987177",https://www.omu.ac.jp/library/
,大阪公立大学羽曳野図書センター,大阪府羽曳野市はびきの3丁目7番30号 羽曳野キャンパスN棟,072-950-2111,583-8555,"135.587934,34.549804",https://www.omu.ac.jp/library/
,大阪公立大学都市科学・防災研究センター都市文庫,大阪府大阪市住吉区杉本3-3-138,06-6605-2071,558-8585,"135.504020,34.591606",https://www.omu.ac.jp/orp/urec/library/
,大阪公立大学阿倍野医学図書館,大阪府大阪市阿倍野区旭町1-2-7,06-6645-3491,545-8585,"135.509031,34.645965",https://lib.omu.ac.jp/abeno
,大阪歯科大学図書館天満橋分室,大阪府大阪市中央区大手前1丁目5番17号,06-6910-1021,540-0008,"135.5191053,34.689744",https://wwwlib.osaka-dent.ac.jp/
,大阪歯科大学図書館,大阪府枚方市楠葉花園町8番1号,072-864-3100,573-1121,"135.6761745,34.8592304",https://wwwlib.osaka-dent.ac.jp/
,大阪歯科大学図書館牧野分室,大阪府枚方市牧野本町1-4-4,072-856-9939,573-1144,"135.669246,34.839209",https://wwwlib.osaka-dent.ac.jp/
,大阪芸術大学短期大学部大阪学舎図書館,大阪府大阪市東住吉区矢田2-14-19,06-6691-7341,546-0023,"135.5314699,34.6080256",https://www.osaka-geidai.ac.jp/guide/library
,大阪芸術大学図書館,大阪府南河内郡河南町東山469,0721-93-3160,585-8555,"135.629127,34.512288",http://osaka-geidai-lib.jp/
,大阪学院大学図書館,大阪府吹田市岸部南二丁目36番1号,06-6381-8434,564-8511,"135.542319,34.772456",http://www.osaka-gu.ac.jp/library/index.html
,大阪教育大学附属図書館分館,大阪府大阪市天王寺区南河堀町4-88,06-6775-6649,543-0054,"135.520664,34.647679",http://www.lib.osaka-kyoiku.ac.jp/
,大阪教育大学附属図書館,大阪府柏原市旭ヶ丘4丁目698-1,072-978-3782,582-8582,"135.650227,34.550483",http://www.lib.osaka-kyoiku.ac.jp/
,大阪医科薬科大学本部図書館,大阪府高槻市大学町2番7号,072-683-2155,569-8686,"135.6254207,34.8518109",https://libop.ompu.ac.jp/drupal/
,大阪大谷大学図書館,大阪府富田林市錦織北3丁目11-1,0721-24-1015,584-8540,"135.580910,34.481913",http://www.osaka-ohtani.ac.jp/facilities/library/
,大阪府立大学女性学研究センター資料室,大阪府堺市中区学園町1-1 B3棟1階,072-254-9948,599-8531,"135.504877,34.545402",https://www.omu.ac.jp/sss/cws/
,大阪産業大学綜合図書館,大阪府大東市中垣内3-1-1,072-873-1664,574-8530,"135.640457,34.707557",https://www.osaka-sandai.ac.jp/campuslife/library/
,大阪成蹊大学・短期大学図書館,大阪府大阪市東淀川区相川3丁目10-62,06-6829-2550,533-0007,"135.5371915,34.7593863",http://univ.osaka-seikei.jp/education/library/
,大阪信愛女学院図書館,大阪府大阪市城東区古市2-7-30,06-6939-4391,536-8585,"135.559127,34.711034",http://www.osaka-shinai.ac.jp/library/index.html
,大阪樟蔭女子大学図書館,大阪府東大阪市菱屋西4-2-26,06-6723-8182,577-8550,"135.57793,34.663437",http://lib.osaka-shoin.ac.jp/
,大阪経済大学図書館,大阪府大阪市東淀川区大隅2-2-8,06-6328-2431,533-8533,"135.545313,34.750163",http://www.osaka-ue.ac.jp/research/library/
,大手前大学・大手前短期大学図書館大阪図書館,大阪府大阪市中央区大手前2-1-88,06-6941-7083,540-0008,"135.519212,34.6881385",http://library.otemae.ac.jp/
,オーストラリア・ライブラリー,大阪府茨木市西安威2丁目1番15号 追手門学院大学安威キャンパス5号館5階,072-641-9640,567-8502,"135.5590899,34.8477403",https://library.otemon.ac.jp/australia/
,追手門学院大学附属図書館（安威キャンパス）,大阪府茨木市西安威2丁目1-15,072-641-9638,567-8502,"135.558122,34.848534",https://library.otemon.ac.jp/
,追手門学院大学附属図書館（総持寺キャンパス）「アラムナイライブラリー」,大阪府茨木市太田東芝町1番1号,072-697-8165,567-0013,"135.5773266,34.8372691",https://library.otemon.ac.jp/
,大阪体育大学図書館,大阪府泉南郡熊取町朝代台1-1,072-453-7026,590-0496,"135.359216,34.379398",http://lib.ouhs.ac.jp/
,大阪医科薬科大学薬学部図書館,大阪府高槻市奈佐原4丁目20番1号,072-690-1016,569-1094,"135.574413,34.863179",https://www.ompu.ac.jp/about/facilities/abuyama/library.html
,大阪夕陽丘学園短期大学図書館,大阪府大阪市天王寺区生玉寺町7−72,06-6779-9577,543-0073,"135.5132984,34.659861",https://www.oyg.ac.jp/lib/
,桃山学院教育大学図書館,大阪府堺市南区槇塚台4-5-1,072-296-8306,590-0114,"135.534700,34.483275",https://www.andrew-edu.ac.jp/campuslife/library.html
,立命館大学図書館「OICライブラリー」,大阪府茨木市岩倉町2-150,072-665-2520,567-8570,"135.561250,34.809925",https://www.ritsumei.ac.jp/lib/
,常翔啓光学園中学校・高等学校図書室,大阪府枚方市禁野本町1-13-21,072-848-0521,573-1197,"135.6586632,34.8169706",http://www.keiko.josho.ac.jp/
,大阪工業大学図書館大宮本館,大阪府大阪市旭区大宮5丁目16-1,06-6954-4108,535-8585,"135.543231,34.730335",http://www.oit.ac.jp/japanese/toshokan/
,大阪工業大学図書館枚方分館,大阪府枚方市北山1丁目79-1,072-866-5312,573-0196,"135.7050138,34.841361",http://www.oit.ac.jp/japanese/toshokan/
,大阪工業大学図書館梅田分館,大阪府大阪市北区茶屋町1-45,06-6147-6295,530-8568,"135.4995539,34.7050975",http://www.oit.ac.jp/japanese/toshokan/
,常翔学園中学校・高等学校図書室,大阪府大阪市旭区大宮5丁目16番1号,06-6954-4434,535-8585,"135.5457277,34.7308124",https://www.highs.josho.ac.jp/library/
,摂南大学図書館枚方分館,大阪府枚方市長尾峠町45-1,072-866-3102,573-0101,"135.705680,34.849520",http://www.setsunan.ac.jp/sisetsu/tosho/
,摂南大学図書館,大阪府寝屋川市池田中町17-8,072-839-9111,572-8508,"135.611345,34.780234",http://www.setsunan.ac.jp/sisetsu/tosho/
,四天王寺大学図書館,大阪府羽曳野市学園前3丁目2−1,072-956-9958,583-8501,"135.583256,34.546123",http://www.shitennoji.ac.jp/ibu/toshokan/
,相愛大学図書館,大阪府大阪市住之江区南港中4丁目4-1,06-6612-5931,559-0033,"135.427337,34.634146",http://www.soai.ac.jp/library/
,相愛大学本町図書館,大阪府大阪市中央区本町4丁目1-23,06-6262-0621,541-0053,"135.499326,34.684351",http://www.soai.ac.jp/library/
,宝塚大学大阪梅田キャンパス図書館,大阪府大阪市北区芝田1丁目13番16号,06-6376-0853 [大学],530-0012,"135.4968458,34.7078721",https://www.takara-univ.ac.jp/kango/facilities/index3.html
,帝塚山学院大学図書館,大阪府堺市南区晴美台4-2-2,072-296-1331,590-0113,"135.5323532,34.4899248",https://www.tezuka-gu.ac.jp/library/
,大阪観光大学図書館,大阪府泉南郡熊取町大久保南5-3-1,072-453-8222,590-0493,"135.339514,34.392891",https://tourism.opac.jp/opac/top
,大阪女学院図書館,大阪府大阪市中央区玉造2-26-54,06-6761-4021,540-0004,"135.527700,34.676991",http://www.wilmina.ac.jp/library/
