Title,Author
挨拶表現「お疲れ(さま)」について : 誤用における相互主観化,"登田, 龍彦,Tatsuhiko, Toda,登田, 龍彦,Tatsuhiko, Toda"
挨拶表現「お疲れ(さま)」について:誤用における相互主観化,"登田 龍彦,登田 龍彦"
悪役令嬢は嫌なので、医務室助手になりました。,"花煉,花煉 著"
[障害デイジー資料]朝の音,"内海 隆一郎,内海 隆一郎 著"
[障害テープ資料]朝の音,"内海 隆一郎,内海 隆一郎 著"
朝の音,"内海, 隆一郎, 1937-2015,内海隆一郎 著"
明日からできる習慣改善 疲労を緩和する食事,"足達 淑子,足達 淑子"
ありがとう、そしてお疲れさまでした 東電・吉田昌郎(元福島第1原発所長)さんへのレクイエム(鎮魂歌) : あの時、確かにひとりの男がこの国を救った,"門田 隆将,門田 隆将"
アルコバレーノ!オリジナルサウンドトラック,""
「アルバートオデッセイ」全曲集,""
暗獄怪談 : 憑かれた話,"鷲羽, 大介,鷲羽大介 著"
一日中お疲れ様,"山本宇宙,山本宇宙"
一日中お疲れ様,"山本宇宙,山本宇宙"
一日中お疲れ様,"山本宇宙,山本宇宙"
移動図書館 お疲れさま ： 23日で運行終了 ： 復興進み、仮設巡回減少 ： 石巻市,""
浦野和彦先生、お疲れ様でした,"橋本 和孝,橋本 和孝"
映画「地獄の花園」オリジナル・サウンドトラック,"宗形勇輝, 植田能平, 眞鍋昭大 音楽"
映画ハイ★スピード!-free!starting days-special event 20170319岩鳶中学水泳部記録会お疲れ様パーティーin Ryogokukokugikan,島﨑信長 [ほか出演]
映像作品における「お疲れ」系あいさつの実証的研究,"于 亮,鄒 善軍,于 亮,鄒 善軍"
エッセンシャル・ベスト金沢明子,金沢明子
エロ漫画家おねーさんとお疲れリーマン,"砂履, シンシャ,砂履シンシャ"
エロ漫画家おねーさんとお疲れリーマン,"砂履, シンシャ,砂履シンシャ"
お母さんお疲れさま! : 受験生を持つお母さんへ贈る10章,"斎藤, 茂太, 1916-2006,斎藤茂太 著"
岡田茂会長、お疲れ様でした 東京広島県人会総会&新春懇親パーティー,""
推しが武道館いってくれたら死ぬお疲れ様本,"エイトビット,エイトビット商品開発室 企画編集"
お互い様お疲れ様,杏奈&次郎
お疲れアラサーは異世界でもふもふドラゴンと騎士の世話をしています,"鳴田, るな,鳴田るな 著"
お疲れアラサーは異世界でもふもふドラゴンと騎士の世話をしています,"鳴田, るな,鳴田るな 著"
お疲れお兄さんは手芸沼につかりたい,"味田, マヨ,味田マヨ 著"
お疲れお兄さんは手芸沼につかりたい,"味田, マヨ,味田マヨ 著"
お疲れ解消グッズでひと休み,"野原 広子,野原 広子"
お疲れ解消メソッド17,""
「お疲れ」系あいさつの使用場面の拡大,"倉持 益子,倉持 益子"
「お疲れ」撃退!コツのコツ,"暮らしの設計事務所,暮らしの設計事務所 編著"
「お疲れさま」系あいさつの意味の希薄化と拡大--職場での使い方を中心に,"倉持 益子,倉持 益子"
「お疲れさま～。仕事どうだった?」とお菓子と飲み物を出して 退勤時間調査,"田島 保利,小松 民子,田島 保利,小松 民子"
"""お疲れさま高梨さん""これからも函館空港をよろしくエアーニッポン(株)代表取締役社長から同社常勤顧問になった高梨勇一氏函館入り関係者と懇談","高梨 勇一,高梨 勇一"
お疲れ様でした。,"松本, 敏史,松本, 敏史"
お疲れ様でした。,"松本 敏史,松本 敏史"
お疲れさまでした! 根本匠前代議士,""
お疲れさまでした どうか、お元気で さよなら、小沢一郎,""
お疲れさまでした! 吉野正芳前代議士,""
お疲れ様です 後堂さん,"Kirishima,円居挽,天獅子悦也,Kirishima 著・文・その他,円居挽 企画・原案,天獅子悦也 著・文・その他"
「お疲れさまです」「さん付け」厳禁! 永守会長トリセツを独自入手,""
お疲れさまです! : マンガで読める職業カタログ,"吉川, 景都,吉川景都 著"
お疲れさま日本国憲法,"佐藤, 欣子, 1934-,佐藤欣子 著"
お疲れさま日本国憲法,"佐藤, 欣子,佐藤欣子著"
お疲れさま「日本国憲法」--空洞化した民主主義 望ましい日本の姿を描こう,"佐藤 欣子,佐藤 欣子"
お疲れさま!北海道新幹線建設促進道南地方期成会会長・高野洋藏 函館商工会議所会頭,""
お疲れ様本,""
お疲れ様本,""
「お疲れ様」は不要! 9割が知らないチャットのマナー術,"三上 洋,三上 洋"
お疲れさま～yuttarefre～,マドカ
お疲れサンバ・黄昏のルフラン,三川ゆり
お疲れさん労務管理からの転換(特集),""
"""お疲れ女子""お助けレシピ : ズボラ養生で免疫力UP!","松村, 圭子, 医師,松村圭子 医学・栄養学監修,清水紀子 栄養・料理指導"
お疲れ女子におススメの「ハンディマッサージャー」図鑑,""
お疲れ女子に捧ぐしょうがレシピ帖 : その不調、自分で整えられる!なんだか元気が出ないあなたに,""
お疲れ女子、訳あり神様に娶られました,"猫屋, ちゃき,猫屋ちゃき 著"
お疲れ 高橋尚子 次はキャスター? 政界?,""
お疲れですか?--会員アンケート結果から,""
お疲れのツボ,""
「お疲れ病」をぶっ飛ばせ! : 日本人は疲れている。癒しの一粒が疲労を回復,"濱野, 吉秀, 1937-,濱野吉秀 著"
"""お疲れ""真紀子外相の登庁時間は「午前11時」",""
お疲れモードの女性たちに美形のスノーマンをどうぞ,""
オフィス街「クチコミ」リサーチ お疲れビジネスマン殺到=心と体の「駆け込み寺」東西(30),""
「おまけの小林クン」3,""
オリジナル・サウンドトラックロスト・フライト,"マルコ・ベルトラミ, マーカス・トランプ 音楽"
オルグお疲れ様,"原田伸次,原田伸次"
オルグお疲れ様,"原田伸次,原田伸次"
オルグお疲れ様でした、ありがとうございました,"池崎,池崎"
オルグお疲れ様でした、ありがとうございました,"池崎,池崎"
オルグお疲れ様でした、ありがとうございました,"池崎,池崎"
オルグお疲れ様でした、ありがとうございました,"池崎,池崎"
オルグの皆さんお疲れ様,"田中,田中"
オルグの皆さんお疲れ様,"田中,田中"
オルグの皆さんお疲れ様,"田中,田中"
オルグの皆さんお疲れ様,"田中,田中"
オルグの皆さんお疲れ様,"田中,田中"
オルグの皆さんお疲れ様,"田中,田中"
オルグの皆さんお疲れ様,"松崎,松崎"
オルグの皆さんお疲れ様,"下田,下田"
オルグの皆さんお疲れ様,"下田,下田"
オルグの皆さんお疲れ様,"下田,下田"
オルグの皆さんお疲れ様,"下田,下田"
オルグの皆さんお疲れ様,"下田,下田"
オルグの皆さんお疲れ様,"下田,下田"
オルグの皆さんお疲れ様,"下田,下田"
オルグの皆さんお疲れ様,"下田,下田"
オルグの皆さんお疲れ様,"下田,下田"
オルグの皆さんお疲れ様,"溜末男,溜末男"
オルグの皆さんお疲れ様,"溜末男,溜末男"
オルグの皆さんお疲れ様,"溜末男,溜末男"
オルグの皆さんお疲れ様,"溜末男,溜末男"
オルグの皆さんお疲れ様,"溜末男,溜末男"
オルグの皆さんお疲れ様,"溜末男,溜末男"
オルグの皆さんお疲れ様,"溜末男,溜末男"
オルグの皆さんお疲れ様,"溜末男,溜末男"
オルグの皆さんお疲れ様,"溜末男,溜末男"
オルグの皆さんお疲れ様,"溜末男,溜末男"
オルグの皆さんお疲れ様,"溜末男,溜末男"
オルグの皆さんお疲れ様,"溜末男,溜末男"
お疲れ様,"有田,有田"
お疲れ様,"原田伸次,原田伸次"
お疲れ様,"原田伸次,原田伸次"
お疲れ様 オルグ団見送り,"江口良一,江口良一"
お疲れ様 オルグ団見送り,"江口良一,江口良一"
お疲れ様 オルグ団見送り,"江口良一,江口良一"
お疲れ様 オルグ団見送り,"江口良一,江口良一"
お疲れ様 オルグ団見送り,"江口良一,江口良一"
｢お疲れさま｣系あいさつの意味の希薄化と拡大 : 職場での使い方を中心に,倉持益子
お疲れ様でした！,"明石 真和,アカシ マサカズ,Masakazu Akashi"
お疲れ様でした,"山内実,山内実"
お疲れ様でした,"山内実,山内実"
お疲れ様でした,"山内実,山内実"
お疲れ様でした,"山内実,山内実"
お疲れ様でした,"山内実,山内実"
お疲れ様でした,"江口,江口"
お疲れ様でした,"江口,江口"
お疲れ様でした,"江口,江口"
お疲れ様でした,"江口,江口"
お疲れ様でした,"江口,江口"
お疲れ様でした,"江口,江口"
お疲れ様でした,"江口,江口"
お疲れ様でした,"江口,江口"
お疲れ様でした,"江口,江口"
お疲れ様でした,"江口,江口"
お疲れ様でした,"江口,江口"
お疲れ様でした,"江口,江口"
お疲れ様でした,"松崎,松崎"
お疲れ様でした,"原田伸次,原田伸次"
お疲れ様でした,"原田伸次,原田伸次"
お疲れ様でした,"原田伸次,原田伸次"
お疲れ様でした,"原田伸次,原田伸次"
お疲れ様でした,"原田伸次,原田伸次"
お疲れ様でした,"原田伸次,原田伸次"
お疲れ様でした,"溜末男,溜末男"
お疲れ様でした,"溜末男,溜末男"
お疲れ様でした,"溜末男,溜末男"
お疲れ様でした,"大迫健生,大迫健生"
お疲れ様でした,"大迫健生,大迫健生"
お疲れ様でした,"大迫健生,大迫健生"
お疲れ様でした,"大迫健生,大迫健生"
お疲れ様でした,"大迫健生,大迫健生"
お疲れ様でした,"大迫健生,大迫健生"
お疲れ様でした,"大迫健生,大迫健生"
お疲れ様でした,"大迫健生,大迫健生"
お疲れ様でした,"大迫健生,大迫健生"
お疲れ様でした,"大迫健生,大迫健生"
お疲れ様でした,"大迫健生,大迫健生"
お疲れ様でした,"大迫健生,大迫健生"
お疲れ様でした,"園田,園田"
お疲れ様でした,"園田,園田"
お疲れ様でした,"園田,園田"
お疲れ様でした,"園田,園田"
お疲れ様でした,"小形昇,小形昇"
お疲れ様でした,"小形昇,小形昇"
お疲れ様でした,"小形昇,小形昇"
お疲れ様でした,"小形昇,小形昇"
お疲れ様でした,"小形昇,小形昇"
お疲れ様でした,"小形昇,小形昇"
お疲れ様でした,"小形昇,小形昇"
お疲れ様でした,"小形昇,小形昇"
お疲れ様でした,"田原実夫,田原実夫"
お疲れ様でした,"田原実夫,田原実夫"
お疲れ様でした,"田原実夫,田原実夫"
お疲れさまでした 釈放,"小島透,小島透"
お疲れさまでした 釈放,"小島透,小島透"
お疲れさまでした 釈放,"小島透,小島透"
お疲れさまでした 釈放,"小島透,小島透"
お疲れさまでした 釈放,"小島透,小島透"
お疲れさまでした 釈放,"小島透,小島透"
"お疲れ様でした☆(野上先生の思い出 : ゼミ生から, 野上裕生先生御退職記念特集)",平岡 奈緒美
回避される <こんにちは> と選択される <お疲れさま> : 母語話者の現状と日本語教育での扱いについて,"Kageyama, Kayoko,影山, 佳世子"
金丸由雄先生、お疲れ様でした,"小畑 和,小畑 和"
金丸由雄先生、お疲れ様でした,"小畑, 和,オバタ, カズ,Obata, Kazu"
かん灯　お疲れさまでした,""
"ガールズ&パンツァー劇場版""このスタッフ本には戦車道にとって大切なことが全て詰まっているかもしれない""皆さんお疲れ様でした本",""
ガールズ&パンツァー最終章 : お疲れ様でした本って名前がついているんだからお疲れ様でした本に決まってるじゃないか : 皆様お疲れ様でした本,""
ガールズ&パンツァー最終章スタートしましたスタッフお疲れ様本,""
ガールズ&パンツァー最終章 : 第4話折り返しました皆様お疲れ様でした本,""
ガールズ&パンツァー最終章 : 10周年です。ありがとうございます。皆様お疲れ様でした本,""
ガールズ&パンツァーのとりあえずゴールしました皆さんお疲れ様でした本,""
企業の余暇サービスのあり方--伊勢丹のケースを中心として,"山本 勝一,山本 勝一"
休刊『噂の真相』、お疲れさまでした。あとはまかせて! タブーに挑戦!「噂のダカーポ」--政界、文壇からスポーツ、芸能界までスキャンダル満載,""
休息要求がカギ そもそも「疲れる」とは? 疲労の正体をさぐる,"佐々木 司,佐々木 司"
今日もお疲れさま!超回復めし,"加藤, 超也, 1984-,加藤超也 著"
今日もお疲れさま,"群, ようこ, 1954-,群ようこ 著"
今日もお疲れさま,"群, ようこ, 1954-,群ようこ [著]"
巨人渡辺オーナー辞任!! 一週間前にもらしていた決意--まだ、「お疲れさま」は言えない,"西村 欣也,西村 欣也"
苦悩する象徴天皇制 雅子妃の「お疲れ」問題,"中野 正志,中野 正志"
クレヨンしんちゃんきっとベスト★凝縮!野原ひろし,"臼井儀人 原作,テレビ朝日, ADK, シンエイ動画 制作"
クレヨンしんちゃんTV版傑作選,"臼井儀人 原作,テレビ朝日, ADK, シンエイ動画 制作"
ケツの穴 初級篇,ケツメイシ
健康常備学オーディオブック,""
検証に10年かかる?--低温核融合のお疲れさま,"高橋 真理子,高橋 真理子"
幻影異聞録#FE encoreベストサウンドコレクション,FORTUNA ALL STARS &藤澤慶昌
原口頴雄さん お疲れ様でした,"大谷 賢二,大谷 賢二"
恋する金曜日のおつまみごはん : 心ときめく三色餃子,"栗栖, ひよ子,栗栖ひよ子 著"
小泉武夫食のベストエッセイ集,"小泉, 武夫, 1943-,小泉武夫 著"
アーシアン : 地球のいのち,""
アーシアン　レター　Ｅａｒｔｈｉａｎ　Ｌｅｔｔｅｒ,""
「アーシアン3」オリジナル・サウンドトラック,""
あぁ！シュバルツバルド : 地球環境の現実,"助安由吉,助安由吉 著"
あぁ!シュバルツバルド : 酸性雨の森を訪ねて 地球環境の現実,"助安, 由吉, 1935-,助安由吉 著"
あぁシュバルツバルド : 酸性雨の森を訪ねて　地球環境の現実,"助安‖由吉,助安　由吉／著"
ああ！シュバルツバルド : 地球環境の現実／酸性雨の森を訪ねて,"助安由吉,助安由吉 著"
アーシング : 不調を癒す《地球大地の未解明》パワー : すべての人が知っておくべき重大な医学的真実!,"Ober, Clinton, 1938-,Sinatra, Stephen T,Zucker, Martin, 1937-,Deravy, Echan, 1952-,愛知, ソニア,クリントン・オーバー, スティーブン・T・シナトラ, マーティン・ズッカー 著,エハン・デラヴィ, 愛知ソニア 共訳"
「アース・ウイズ」地球と共に行動する : 環境と人権,"滋賀県解放県民センター,滋賀県解放県民センター [編]"
アース・ウィンド&ファイアー/地球最期の日,""
「アースカム」で知った「宇宙」と「地球」。,"池田 勝利,池田 勝利"
アースカムで学ぶ「宇宙」と「地球」,"池田 勝利,池田 勝利"
アースカムと宇宙飛行士の誕生,"大竹 隆夫,大竹 隆夫"
アースコンシャスシティ研究会報告書 : 地球環境問題に対応した地域づくり方策調査,アースコンシャスシティ研究会
アース号はどこへでも,國清　あやか／著
アース号はどこへでも : 地球温暖化,"国清あやか,国清あやか 文と絵"
嗚呼すすきの・地球は今日も愛を育む,スマイレージ
アース・スコープ : 素顔の地球,"Pellant, Chris,坂, 幸恭, 1939-,クリス・ペラント 編,坂幸恭 訳"
アース・スコープ 素顔の地球 クリス・ペラント編 坂幸恭訳,徳橋 秀一
EARTH : 図鑑地球科学の世界 : THE SECRETS OF OUR PLANET REVEALED,"スミソニアンインスティテューション,三河内, 岳, 1971-,スミソニアン協会 監修,三河内岳 日本語版監修"
EARTH SONG : 地球の絶景と守りたい生命,"寺沢, 孝毅, 1960-,寺沢孝毅 著"
アースダンス : 進化のステップを踏みつづける地球。その先にあるのは人類の自滅か?存続か?,"Sahtouris, Elisabet,吉田, 三知世,エリザベット・サトゥリス 著,吉田三知世 訳"
アースチェンジ : 近未来の警告書 : 地球が生まれ変わった時、人類も変われるか,"洪, 正幸,洪正幸 著"
アース地球環境 : 地球環境と資源エネルギーを大切にする国民運動,"地球環境と資源エネルギーを大切にする国民運動全国会議,資源とエネルギーを大切にする国民運動中央会議,地球環境と資源エネルギーを大切にする国民運動全国会議 編"
アース地球環境 : 地球環境と資源エネルギーを大切にする国民運動,"地球環境と資源エネルギーを大切にする国民運動全国会議,資源とエネルギーを大切にする国民運動中央会議,地球環境と資源エネルギーを大切にする国民運動全国会議 編"
アース地球環境 : 地球環境と資源エネルギーを大切にする国民運動,"地球環境と資源エネルギーを大切にする国民運動全国会議,資源とエネルギーを大切にする国民運動中央会議,地球環境と資源エネルギーを大切にする国民運動全国会議 編"
アース～地球賛歌,ポール・ウインター／ソプラノ・サクソフォ
アースデイ記録集 : 地球の日4/22 4月↔5月,アースデイ日本
アース・デイ　：　地球の25時間,"ジョン・マウチェリー,ハリウッド・ボウル・オーケストラ,Mauceri John,ハリウッドボール管弦楽団,ジョン・マウチェリー／指揮,ハリウッド・ボウル・オーケストラ／演奏"
"アース・デイ 1990年と日本--いま,地球,環境,生活文明を問い直す","須田 春海,須田 春海"
アースデイ2070 失われゆく故郷,"ピート ミュラー,ピート ミュラー"
アースデイ2070 地球を好き勝手に破壊した50年,""
アースデイ2070 地球を救いたいと前進した50年,""
アースデイ2070 地球を守ろうと闘う若者たち,"ローラ パーカー,ローラ パーカー"
アースデイ2070 未来を探す米国横断EVの旅,"クレイグ ウェルチ,クレイグ ウェルチ"
アースデイ2070 50年後の気候はこんなに変わる,"カヤ・リー バーン,カヤ・リー バーン"
アースデー 企業も地球のパートナー,""
アース・デー記念講演会 : 地球にやさしい企業活動の推進と環境政策,""
アース・デモクラシー : 地球と生命の多様性に根ざした民主主義,"Shiva, Vandana, 1952-,山本, 規雄, 1967-,ヴァンダナ・シヴァ 著,山本規雄 訳"
アースとムースの石油トラベル　：　考えよう、石油のこと、エネルギーのこと、地球のこと,""
アースとムースの石油トラベル<コンピューター・グラフィクスアニ> : 考えよう､石油､エネルギー､地球のこと,""
アース・パスファインダーから地球を見ると - 電柱から地域/地球環境問題へ -,吉田 英生
地球巡礼者 (アースピルグリム) : 人類が進むべき道,"Deravy, Echan,川瀬, 勝,エハン・デラヴィ著 ; 川瀬勝訳"
Earth for All万人のための地球 : 『成長の限界』から50年ローマクラブ新レポート,"武内, 和彦, 1951-,ローマクラブ,森, 秀行,高橋, 康夫, 公務員,Dixson-Declève, Sandrine,Gaffney, Owen,Ghosh, Jayati,Randers, Jørgen,Rockström, Johan,Stoknes, Per Espen,武内和彦 監訳,ローマクラブ日本 監修,森秀行, 高橋康夫 ほか 訳,S.ディクソン=デクレーブ [ほか] 著"
地球周波数(アースフリークエンシー)〈共鳴共振〉最大化レッスン : 世界のパワースポット250地点を網羅 : 宇宙よりも深く大きな超波動《地球チャクラ&ボルテックス》を使いこなすあなたになる!,"Alvarez, Melissa,メリッサ・アルバレス 著,平田三桜 訳"
あーすぷらざ情報フォーラム : 神奈川県立地球市民かながわプラザ,"地球市民かながわプラザ（神奈川県立）,神奈川県立地球市民かながわプラザ 〔編〕"
アースプラン2004 : 下水道事業における地球温暖化防止計画 : 快適な地球環境を次世代に,""
アースプラン2004による地球温暖化対策の成果と今後,"井上 潔,井上 潔"
地球への約束,"白河青年会議所,松元保郎,白河青年会議所 編 ; 松元保郎 原画"
アースマインド : 地球は人類の廃棄を意図し始めた 地球ミステリー,"Devereux, Paul,青木, 日出夫, 1936-2006,ポール・デヴェロー [ほか]著,青木日出夫 訳"
アースマインド : 地球ミステリー : 地球は人類の廃棄を意図し始めた,"Devereux, Paul,Steele, John,Kubrin, D.,青木, 日出夫,ポール・デヴェロー, ジョン・スティール, デヴィッド・クブリン著 ; 青木日出夫訳"
アースミュージカル感想文集 : 地球とはもっとなかよくなれるはず,"山形県環境保全センター,山形県環境保全センター 編"
アースライズ ロックが地球を救う : Earthrise,""
アースライズ～ロックが地球を救う,""
Earthlings,"村田 沙耶香,Ginny Tapley Takemori,Sayaka Murata／著,Ginny Tapley Takemori／訳"
アースワーキング・オン・アース--90年代の日本,"鷹見 明彦,鷹見 明彦"
アースワーク進化論--惑星によせる9つのレゾナンス,"鷹見 明彦,鷹見 明彦"
Earth 2000年の世界 : 地球二千年の世界,"菊地日出雄,菊地日出雄 著"
アア地球がこわれる,"吉原, 公一郎, 1928-2021,吉原公一郎 文,橋本勝 イラスト"
ああ地球よ : 歌集,"苅田, 敏夫, 1930-,苅田敏夫 著"
「ああっ女神さまっ」特典王+(プラス) 企画ものcomplete,""
アーティストインスクール : 実施報告２００７ : なぞの地球人からの手紙 : アーティストが学校にやってきた！,"ミツキノリエ・アート・プランニング,ミツキノリエ・アート・プランニング 編"
アーティストと共につくるプログラム--「地球の上で」展の場合,""
アート×エコ,""
アートから地球環境を考える : 都市再生・地域再生の視点から,吉本光宏
アート・ギャラリー 地球散歩,"柴 清文,柴 清文"
アートする珊瑚礁 : 地球の藍よ永遠に,"館石, 昭, 1930-2012,館石昭 著"
アート&デザインによる環境問題の提起、解決:地球環境問題を提起、解決する日用品のデザインワーク,"影山, 友章"
アートで地球と遊ぶ木村崇人展 : ちくごアートファーム計画２０１６〜筑後の自然と創造力,"木村‖崇人,三満田‖巧,関岡‖絵梨花,長尾‖萌佳,木村　崇人／［作］,三満田　巧／編集,関岡　絵梨花／編集,長尾　萌佳／編集"
アートで地球と遊ぶ木村崇人展 : ちくごアートファーム計画2016-筑後の自然と創造力 : 記録集,""
アートと社会のエコロジー : 地球環境問題へのオルタナティヴ,"福岡, 伸一,福岡伸一 [ほか執筆]"
"アートな時間 深堀隆介展「金魚鉢、地球鉢。」 : 躍動する超絶リアルな金魚 ""金魚救い""がきっかけの独創","石川 健次,石川 健次"
アートは地球を駆けめぐる,石井 勢津子
アートミーツケア,"アートミーツケア学会,西村 ユミ,播磨 靖夫,志賀 玲子,五島 智子,清田 仁之,水野 哲雄,及川 麻衣子,高橋 綾,井上 廣子,Bruce DARLING,梅津 正史,田中 みわ子,西川 直子,尾関 さやか,光島 貴之,日野 陽子,井尻 貴子,銅金 裕司,アートミーツケア学会／編"
アートワークショップの効用と課題についての研究 : 「えびすアートプロジェクト」を事例に,"谷口 文保,谷口 文保"
ああ、腹立つ,"阿川, 佐和子, 1953-,阿川佐和子 ほか著"
アーバンヒートの活用と地球温暖化対策,"高相 恒人,高相 恒人"
アーバン・メタボリズムに関する環境健全度評価のための指標,"内藤 正明,森口 祐一,内藤 正明,森口 祐一"
あ、安部礼司スペシャル～imatsubo high-position～ beyond the average,""
アーユルヴェーダ・カフェ : インドの医食同源にもとづく、お手軽レシピ,"上馬塲, 和夫, 1953-,上馬塲和夫 著,香取薫 料理"
アーユルヴェーダ実践BOOK : 古代インドの叡智で健康&幸せ生活!今日から始めるヨーガ、食事、マッサージ,"上馬塲, 和夫, 1953-,上馬塲和夫, 西川眞知子 著"
アーユルヴェーダ入門 : インド伝統医学で健康に!,"上馬塲, 和夫, 1953-,上馬場和夫, 西川眞知子 著"
アーリーシリーズ カルトGSコレクション～旧約聖書,""
フォーリーブス/アーリーシリーズ ベスト・オブ・フォーリーブス,""
アーリーズ : 地球でみつけた言葉,"前田, 幸久,前田幸久 著"
アーリオーン・メッセージ : 来たるべき地球大変動の真相 : 目覚めよ、備えよ、光輝く意識たちへ,"アートライン・プロジェクト,アートライン・プロジェクト著"
アーリオーン・メッセージ : 来たるべき地球大変動の真相,"アートラインプロジェクト,アートライン・プロジェクト 著"
R・A・ゴール地球の未来を拓く言葉 : 公開霊言,"大川, 隆法, 1956-2023,大川隆法 著"
"アール・エー・デーリー氏、地球内部に於ける不連續層の性質Nature of certain discontinuties in the Earth. By Reginabl A. Daly, Bulletin, Seismological Soc., America Vol. 20 No.2 June, 1930.",國富 信一
RFワールド : 無線と高周波の技術解説マガジン,"CQ出版社,トランジスタ技術編集部 編集"
RGM MODEL PICTORIAL BOOK : HGUCシリーズで楽しむガンダム世界の地球連邦軍量産機,"大日本絵画,モデルグラフィックス編集部 編"
嗚呼、渡り鳥受難の時代 鳥インフルエンザと渡り鳥の関係,"渡辺 ユキ,渡辺 ユキ"
アーンスト・ハースの知識共同体論と地球環境条約制度,"上河原 献二,上河原 献二"
アイアンコマンドー-鋼鉄の戦士-オリジナル・サウンドトラック,カルロ・ペルコンティ 音楽
あいうえお もの図鑑(4)〔含 地球儀かかえて〕,""
IATSS REVIEW(国際交通安全学会誌),""
INSS JOURNAL : Journal of the Institute of Nuclear Safety System,"原子力安全システム研究所,原子力安全システム研究所「INSS JOURNAL」編集委員会 編集"
INSS JOURNAL : Journal of the Institute of Nuclear Safety System,"原子力安全システム研究所,原子力安全システム研究所「INSS JOURNAL」編集委員会 編集"
INSS JOURNAL : Journal of the Institute of Nuclear Safety System,"原子力安全システム研究所,原子力安全システム研究所「INSS JOURNAL」編集委員会 編集"
愛を返品した男 : 物語とその他の物語,"Novak, B. J., 1979-,山崎, まどか, 1970-,B・J・ノヴァク 著,山崎まどか 訳"
愛華ちゃんの地球,"地球環境平和財団,地球環境平和財団　監修"
「愛華ちゃんの地球」オリジナル・サウンドトラック,""
愛華ちゃんの地球［ビデオテープ］ : 協力しあって、美しい地球を・・・世界へ届け！！坪田愛華の願い,""
愛華、光の中へ。 : 「地球の秘密」を描いた12歳の少女,"坪田, 愛華, 1979-1991,坪田, 揚子,粟津, 潔, 1929-2009,坪田愛華・揚子 著,粟津潔 編"
愛がすべてを癒す : 地球でいちばんシンプルな幸せの法則,"小林, 健, 1940-,小林健 著"
愛が地球を救うのだ!,"森生, まさみ,森生まさみ 著"
愛が地球を救うのだ!,"森生, まさみ,森生まさみ 著"
アイガモ農法(クライ・オブ・ジ・アース)地球は叫ぶ-18-,"山根 瑞世,山根 瑞世"
愛がゆく,"小山, ゆう, 1948-,小山ゆう 著"
あいくる　：　地球を愛するリサイクル,"愛知県建設部,愛知県建設部建設企画課再生建設資材グループ／編集"
愛子天皇と地球維新 : とどめの戦を勝ち抜く,"斎藤, 敏一, 1953-,斎藤敏一 著"
愛 : この10年のあゆみ : 菊武学園60年誌 : 教育愛人間愛地球愛,"菊武学園,(学)菊武学園創立60周年実行委員会 編集"
第二の地球 = Another earth,""
愛護倫理と動物福祉倫理の融合,"佐藤 衆介,佐藤 衆介"
挨拶,""
あいさつ,"栗原 博久,岡崎 洋,小沢 良明,栗原 博久,岡崎 洋,小沢 良明"
挨拶,"白井 克彦,白井 克彦"
あいさつ・ワールド : 世界の「あいさつ」「マナー」「食事」&「ワールド・ミュージック」 地球はひとつ、言葉はいろいろー世界と話そう,"木下, 勝彦, 1951-,木下勝彦 編"
あいさつ・ワールド : 世界の「あいさつ」「マナー」「食事」&「ワールド・ミュージック」 : 地球はひとつ、言葉はいろいろ-世界と話そう,"木下, 勝彦,木下勝彦編"
挨拶 和を持って地球環境やそれぞれの文化と調和を,"桜井 新,桜井 新"
愛、悟り、そして地球 : 21世紀のフロンティア・ストラテジー,"大川, 隆法, 1956-2023,大川隆法 著"
相沢川(最上川水系)の地球化学的研究,加藤 武雄
相沢川(最上川水系)の地球化学的研究,"加藤 武雄,加藤 武雄"
愛したくなる「家族と暮らし」,"天野, 正子, 1938-2015,天野正子 [ほか]著"
愛して使って見届けたいリサイクル<布・紙>,"自然食通信社,自然食通信編集部 編"
愛車を長持ちさせるあなたは地球に優しい--耐酸性雨高級車用コーティング処理法のキャラクタリゼーション,"森 清隆,森 清隆 他"
愛荘町地球温暖化防止実行計画,"愛荘町,愛荘町 編集"
ＩＧＹ＋５０ : 総特集,""
愛寿先生の地球ひとりある記 : 世界173カ国総めぐりの旅,"土屋, 愛寿, 1934-,土屋愛寿 著"
アイスキャップは語る : 雪氷コアによる地球環境の復元,中尾 正義
アイスクリームの温度管理活動について,"溝部 政司,溝部 政司"
アイスコア ―地球環境のタイムカプセル,"藤井, 理行,本山, 秀明,藤井, 理行,本山, 秀明"
"「アイスコア-地球環境のタイムカプセル」, 藤井理行・本山秀明編, 成山堂書店, 2011年3月, 233頁, 2400円(本体価格), ISBN978-4-425-57011-9(本だな)","原田,尚美"
"「アイスコア-地球環境のタイムカプセル」, 藤井理行・本山秀明編, 成山堂書店, 2011年3月, 233頁, 2400円(本体価格), ISBN978-4-425-57011-9(本だな)","原田,尚美"
アイスコア : 地球環境のタイムカプセル,"藤井, 理行, 1947-,本山, 秀明,藤井理行, 本山秀明 編著"
アイスコアは気候のタイムカプセル 地球が歩んだ100万年の解明を目指して,国立研究開発法人科学技術振興機構
結城比呂 With 藤原啓治/「愛すべき男達のラブソング」～酔って騒いでデコボココンビ,""
アイスランド海嶺下のマントルで発生するマグマの特徴(地球科学の窓),岡村 聡
アイスランド全国地誌-2-地球物理学的現象,"浅井 辰郎,浅井 辰郎"
アイスランド : 地球の鼓動が聞こえる…ヒーリングアイランドへ,"ダイヤモンドビッグ社,「地球の歩き方」編集室 著"
アイスランド : 地球の鼓動が聞こえる…ヒーリングアイランドへ,"ダイヤモンドビッグ社,「地球の歩き方」編集室 著"
アイスランド☆TRIP : 神秘の絶景に会いに行く!,"てらい, まき,てらいまき 著"
アイスランドにおけるソビエトの地球力学的調査,"ベロウソフ ヴェ・ヴェ,BELOSSOV V.V.,細田 恭代,西尾 寿子,ベロウソフ ヴェ・ヴェ,細田 恭代,西尾 寿子"
"アイスランドにおけるソビエトの地球力学的調査(Vestnik,A.N.USSR.7,1975)","V.V. Beloussov,細田 恭代,西尾 寿子,V.V. Beloussov 著,細田 恭代 訳,西尾 寿子 訳"
愛する地球の上で,""
愛する地球 (テラ) に : 女神は夜明けに舞い降りる,"羽倉, 玖美子,羽倉玖美子 著"
愛する人へ。 40周年記念ベストアルバム,杉田二郎
会津坂下町森北1号古墳の有機地球化学的手法による解析,"山本 修一,山本 修一"
会津八一全集,"会津, 八一, 1881-1956"
アイソスタシーを理解するための仮想地球アプリケーションの開発,"澤口 隆,澤口 隆"
アイソスタシーと地球の形態,椙山 正英
アイソスタシーと地球のレオロジー,井田喜明
アイソスタシーを理解するための仮想地球アプリケーションの開発,"澤口, 隆,澤口, 隆"
アイソトープ地球化学,"A. P. Vinogradov,小西善治"
アイソトープ地球化学,"Vinogradov A.P,Vinogradov A.P"
アイソトープと地球化学,"田中 剛,田中 剛"
アイソトポマーから地球環境を探る(レーダー),豊田 栄
アイソトポマー自然存在比の計測による地球表層物質循環の研究,"吉田, 尚弘,YOSHIDA, NAOHIRO,吉田, 尚弘,YOSHIDA, NAOHIRO"
アイソトポマー自然存在比の計測による地球表層物質循環の研究,吉田 尚弘
アイソトポマーで見る地球温暖化ガスのサイクル,"吉田, 尚弘,YOSHIDA, NAOHIRO,吉田, 尚弘,YOSHIDA, NAOHIRO"
アイソトポマー(同位体分子種)計測による地球温暖化ガスのサイクルの解明,白井 知子
アイソトポマー(同位体分子種)による地球温暖化ガスのサイクルの解析(新世紀の化学 2),"吉田 尚弘,YOSHIDA Naohiro,吉田 尚弘"
アイソトポマー（同位体分子種）による地球温暖化ガスのサイクルの解析,"吉田, 尚弘,YOSHIDA, NAOHIRO,吉田, 尚弘,YOSHIDA, NAOHIRO"
アイソン彗星観測ノート,"県, 秀彦, 1961-,中西, 昭雄,縣秀彦 監修,中西昭雄 編著"
あいだじゅう,RAM WIRE
あいちアジェンダ21 : 21世紀にむけて地域と地球の環境を守る21の行動,愛知県
あいちアジェンダ21　：　21世紀にむけて地域と地球の環境を守る21の行動,"愛知県環境部,愛知県環境部公害対策課／[編]"
あいちエコプラン2010 : 愛知県地球温暖化対策地域推進計画,""
あいち エコ プラン 21 : 愛知県 地球 温暖化 対策 推進 計画,"愛知県, 環境部, 大気, 保全課,愛知県環境部大気保全課"
あいち エコ プラン 21 : 愛知県 地球 温暖化 対策 推進 計画 概要版,"愛知県, 環境部, 大気, 保全課,愛知県環境部大気保全課"
愛知 : 大人のための「愛・地球博」案内/今いちばん元気な土地・愛知を見る&食べる&泊まる,""
愛知環状鉄道旅客輸送の記録　：　2005.3.25-9.25　：　日本国際博覧会「愛・地球博」　：　世界中の笑顔を乗せて,"愛知環状鉄道株式会社,愛知環状鉄道／編集"
「愛・地球賞」地球環境技術100件に授与,カガクギジュツドウコウセンター
「愛・地球賞」の推薦について（依頼）,"農林水産部-畜産課,農林水産部-畜産課"
「愛・地球賞」の推薦について,"土木部-政策推進グループ,土木部-政策推進グループ"
「愛・地球賞」の推薦について,"土木部-政策推進グループ,土木部-政策推進グループ"
愛 地球博,""
愛・地球博,"山田 俊郎,坂口 正道,北村 喜文"
愛 地球博「愛 MATE」IT実証実験,""
愛・地球博「稲沢市の日」における名古屋文理大学の出展記録,"伊藤 道治,鈴木 敏則,滝川 桂子,須藤 裕之,宮澤 節子,三浦 英雄,滝川 和郎,石井 貴子,鈴木 豊子,森 みどり,猪飼 弘子,坂井 絵美,中村 美保,小田 奈穂,加藤 友美,山口 博子,中尾 理恵,鬼頭 智子,北條 由佳,河合 佑衣子,長谷川 聡,小橋 一秀,長谷川 旭,大水 昌志,小田原 未沙,鈴木 崇嗣,蜂須賀 優太,浜島 衣里,山下 珠里,鈴木 伸幸,高橋 優,平林 泰,三宅 絵梨,山田 剛史,鈴木 港祐,外山 卓,井上 博之,和田 拓也,平岩 冬樹,澵井 謙太郎,伊藤 道治,鈴木 敏則,滝川 桂子,須藤 裕之,宮澤 節子,三浦 英雄,滝川 和郎,石井 貴子,鈴木 豊子,森 みどり,猪飼 弘子,坂井 絵美,中村 美保,小田 奈穂,加藤 友美,山口 博子,中尾 理恵,鬼頭 智子,北條 由佳,河合 佑衣子,長谷川 聡,小橋 一秀,長谷川 旭,大水 昌志,小田原 未沙,鈴木 崇嗣,蜂須賀 優太,浜島 衣里,山下 珠里,鈴木 伸幸,高橋 優,平林 泰,三宅 絵梨,山田 剛史,鈴木 港祐,外山 卓,井上 博之,和田 拓也,平岩 冬樹,澵井 謙太郎"
愛・地球博オオタカとの共存をめざして,""
愛・地球博回顧録 : 2005年日本国際博覧会,中村利雄 著
愛・地球博回顧録 : 2005年日本国際博覧会,中村利雄
愛・地球博会場周辺及び海上の森における二酸化窒素測定,"佐宗 康浩,平賀 伸夫"
～愛・地球博開幕～　厳かに華やかに開会式挙行,""
愛・地球博環境アセスメントの歩みと成果 : 2005年日本国際博覧会環境影響評価の総括,""
"""愛・地球博""が残したもの : バイオマス・プラスチックの本格普及へ向けて(プロジェクト・バイオ)","大島,一史"
愛・地球博記念公園におけるナラ類萎凋病被害対策にかかる管理費用の検討,"大藪 崇司,尾関 由衣,堀川 真弘,澤田 佳宏,山本 聡,藤原 道郎"
愛・地球博催事実施記録集,""
愛・地球博　ささしまサテライト会場　「Ｄｅ　Ｌａ　Ｆａｎｔａｓｉａ」はここがすごい！,""
愛・地球博　世界からの出展参加・国際機関含め一〇二件　胸撫で下ろす関係者　量の確保の次は　「質・中身」をどうするかが問題　国民の自治体・民間企業グル―プも次々と名乗り　その中身,""
愛地球博での Aimulet GH+,""
愛・地球博で思ったこと,沼田 典之
愛・地球博と愛知県における環境配慮への取組み,"栗本 浩,河村 明彦"
愛 地球博 特集,日経
「愛・地球博」とセラミックス,不二門 義仁
愛・地球博と電気設備,金杉 裕之
「愛・地球博」　トヨタグループ館　テーマ　“モビリティの夢・楽しさ・感動”　地球と共生する　地球規模で移動する　モビリティの魅力を紹介,""
「愛・地球博」における自転車アクセス環境の整備と利用実態,"福本 充,大脇 鉄也,大城 温"
愛 地球博における大規模アドホックネットワーク実証実験の検証,伊藤
"アイリスオーヤマ株式会社 代表取締役会長 大山健太郎氏 : 経営理念は「いかなる時代環境に於いても利益を出せる仕組みを確立すること」,発想は「ユーザーイン」,手段は「メーカーベンダー」,コアコンピタンスは「環境対応力」","大山 健太郎,大山 健太郎"
「アジア人」はいかにしてクラシック音楽家になったのか? : 人種・ジェンダー・文化資本,"吉原, 真里, 1968-,吉原真里 著"
アメリカ合衆国における社会科、ひいては総合的な学習に関する観察,"山田, 美江子,山田, 美江子"
"インタビュー 出版をめぐる動き,ひいては出版社の未来について--国際出版連合会長に聞く","Spruijt Herman P,荒川 紀子,Spruijt Herman P,荒川 紀子 訳"
エジプト岐路に立つ大国 : ナセルからアラブ革命まで,"Osman, Tarek,久保, 儀明, 1944-,ターレク・オスマーン 著,久保儀明 訳"
江戸女人の碑文,"柴田, 光彦, 1931-,柴田光彦 著"
オリンピック、そして国と国民との共生、ひいてはグローバリズム,"服部 由季夫,服部 由季夫"
株式会社大津屋 代表取締役社長 小川明彦氏 : 追い求めるのは「ダイニングコンビニ」 : 地元福井で豊かな食文化を提案し創造性豊かな人材を育てる,"小川 明彦,小川 明彦"
"株式会社関家具 代表取締役社長 関文彦氏 常に変化に対応し,社員の発想を生かした事業展開で,創業以来黒字を継続","関 文彦,関 文彦"
株式会社学研ホールディングス 代表取締役社長 宮原博昭氏 教育・医療福祉のリーディングカンパニーをめざす,"宮原 博昭,宮原 博昭"
"株式会社シャトレーゼホールディングス 代表取締役会長 齊藤寛氏 : お客様のため,お取引先のため,従業員のための「三喜経営」が,お菓子の業界に流通革命をおこす","齊藤 寛,齊藤 寛"
株式会社能作 代表取締役社長 能作克治氏 チャレンジ精神で伝統工芸に轍(わだち)をつける,"能作 克治,能作 克治"
株式会社ヤイリギター 代表取締役社長 矢入賀光氏 : 高品質より我ら生きる道なし : 永久品質保証のアコースティツク・ギターを作る,"矢入 賀光,矢入 賀光"
ガリレオ : 望遠鏡が発見した宇宙,"伊藤, 和行, 1957-,伊藤和行 著"
協働コミュニティとしての理科の授業のありかたについて : 学校現場で生徒がいきいきと理科の授業に臨み、ひいては自然科学に興味関心をもつための組織的かつ協働的な実践研究,"山内, 康司,山内康司 [著]"
近代日本文学への射程 : その視角と基盤と,"祖父江, 昭二, 1927-2012,祖父江昭二 著"
近代ベンガルにおけるナショナリズムと聖性,"臼田, 雅之, 1944-,臼田雅之 著"
行訴判決・決定メモ 国鉄分割・民営化、JR発足時の不採用についての設立委員ひいてはJR各社の使用者性(JR不採用四事件最高裁判決)(平成15.12.22),""
健康と医療を考える(第1回)アイ・エム・エス・ジャパン会長 佐伯達之 製薬メーカーと医師との橋渡し役に徹して 医薬品にかかわる情報を提供することで、製薬会社のグローバル化、ひいては世界の健康づくりに貢献していきたい,"佐伯 達之,佐伯 達之"
工業高等専門学校の専門教科の在り方ひいては理工系高等教育の在り方ならびに教育の本質についての私見,"石川 忠夫,石川 忠夫"
"公務員関係判決紹介 交通費実費が発生しない官用車を用いた出張については日当支給の必要性はないとする愛媛労働局における取扱いは,公務の円滑な運営に資するとともに国費の適正な支出を図るという国家公務員等の旅費に関する法律の趣旨目的に照らして相当な内容であって,ひいては旅費法46条1項の文言及び趣旨にも合致し,厚生労働大臣の承認の下に行われているものと解することができるとされた事例 : その他 旅費等請求事件[松山地裁令和2.9.9]",""
国際自動車事件 東京高裁平成27年7月16日判決 : 歩合給の計算に当たり、別途支給される残業手当等相当額を控除する旨の賃金規則の規定が、労基法37条の趣旨に反し、ひいては公序良俗に反するとして、民法90条により無効とされた一審判決が維持された例,"三浦 正道,三浦 正道"
国際投資協定 : 仲裁による法的保護,"小寺, 彰, 1952-2014,小寺彰 編著"
凝集反應ヒイテハ沈降反應ノカラクリニツイテ,松本 稔
子どもにとって居心地のいいシートがひいては安全性にも優れる,""
この空の下で,""
"昏迷,ひいては緊張病症候群の概念を広げすぎてはいないか : 昏迷の原型である緊張病性昏迷とは擬死反射である","中安 信夫,中安 信夫"
最高裁判決速報 行政 1. JR各社の成立の時の職員の採用について専ら日本国有鉄道が組合差別をした場合におけるJR各社の設立委員ひいてはJR各社の労働組合法7条にいう使用者としての責任((1)事件) 2. 雇入れの拒否と労働組合法7条1号本文にいう不利益な取扱い((1)事件) 3. 労働組合の組合員に対する雇入れの拒否と労働組合法7条1号本文にいう不利益な取扱い及び同条3号の支配介入((2)事件)((1)事件 最一小判平成15.12.22 (2)事件 最一小判平成15.12.22),""
最新重要判例評釈(92)1.被告人がレバノンにおいて、政治亡命申請を却下され、ヨルダンに向け国外退去となり、ヨルダンにおいて入国拒否を告げられるまでの一連の経緯は、レバノンあるいはヨルダンの主権に基づいて行われた各処分の結果であるというほかなく、こうした手続の適否が日本における逮捕手続の適法性に影響を及ぼすものではないとされた事例 2.仮に、被告人を連行したのが日本の捜査官で、しかも、その態様が強制にわたるものであり、この時点で実質的に逮捕と同視すべき身柄拘束が開始されたとの前提に立ったとしても、その時点から起算して48時間以内に検察官送致の手続がなされていることは明らかであるから、公訴提起に影響を及ぼすほどの違法があったとまではいえないとされた事例 3.どのような方法によって犯罪人の身柄の引渡しを受けるかは、ある程度日本政府の政治的判断に委ねられるべき性質のものであって、その過程において、本件一連の被告人らの身柄拘束の経緯を見ても、看過し得ないほどの重大な違法があったとはいえず、ひいては、本件逮捕手続に、公訴提起を違法視すべきほどのものがあったとはいえないと評価すべきであるとされた事例 4.公訴棄却の主張が排斥された事例--東京地判平成14.1.15判時1782・162,"橋本 裕藏,橋本 裕藏"
"最新判例紹介 高等裁判所 1 被控訴人にとって,米国特許が法的に有効かつ権利行使可能であるとして維持されることが,本件独占販売契約締結の重要な前提であったとは認めることはできないとして,この点につき錯誤を認めた原判決が取り消された事例 2 米国における特許出願の運用に専門家として精通しているとは認められない控訴人Aが,実施例に関する虚偽記載が最終的に無効や権利行使不可能の事由を構成することを本件独占販売契約の締結までに認識理解していたとは,証拠上,認めることができず,同人に,米国特許商標庁の審査官や,ひいては被控訴人を欺罔する故意があったとは認めることはできないとして,控訴人Aによる詐欺行為を肯定した原判決が取り消された事例 3 契約書上の「最低引き取り数量」の条項は,投資家向けの色彩が強いうえ,同契約書と一体のものとして,契約解除には事実上合意を必要とする旨の確認書が差し入れられていることからして,上記条項に違反しても,直ちに債務不履行となり相手方に対する金銭賠償責任が生ずるようなものではないとされた事例[知財高判平21.12.9]",""
湿地の大研究 : 生きものたちがたくさん! : 役割から保全の取り組みまで,"遊磨, 正秀, 1954-,遊磨正秀 監修"
社会体験を通して生き方を学び、挑戦する心、社会性、ひいては豊かな心を育む『14歳の挑戦』,"新タ 雅彦,新タ 雅彦"
出版をめぐる動き，ひいては出版社の未来について　国際出版連合会長に聞く,"SPRUIJT Herman P.,SPRUIJT, Herman P.,ARAKAWA Interview and translation by Noriko,インタビューと翻訳：荒川 紀子,SPRUIJT, Herman P.,インタビューと翻訳：荒川 紀子"
食品ロス削減は働き方改革、ひいては生き方改革につながる,"井出 留美,井出 留美"
自分の父母について / どう見ているか？ / 佐田久善博さんの便り / 覚えたアコーデオンで / おしょろ舟をひいては / 三池を思い出しています,""
世界の見方の転換,"山本, 義隆, 1941-,山本義隆 [著]"
「大老」宇喜多秀家とその家臣団 : 続豊臣期の宇喜多氏と宇喜多秀家,"大西, 泰正,大西泰正 著"
たんぽぽ介護センター 代表取締役 筒井健一郎氏 : お年寄りの「ディズニーランド」を作る : スタッフもお客様も笑顔になるデイサービス,"筒井 健一郎,筒井 健一郎"
大学発 産業界行 シーズ(研究成果)探訪(vol.245)がん転移の危険性を見出す診断系ひいては新規治療の開発を目指して,"矢野 元,矢野 元"
知的財産権--審決取消訴訟 商標法4条1項7号に基づき、商標出願行為が、他人の標章の剽窃であって、不正の目的をもってされたものであるから、登録出願の経緯は著しく社会的妥当性を欠くものがあり、その商標登録を認めることは、商取引の秩序を乱し、ひいては国際信義に反するものであり、容認できないとして、同条項同号により登録無効とした審決が維持された事例(知財高裁平成18.1.26判決),"南 かおり,南 かおり"
"地方税法(昭和57年法律第10号による改正前のもの)603条の2第1項1号,地方税法施行令54条の47第1項2号によって特別土地保有税の納税義務の免除の認定をすべきであるとした認定判断につき法令の解釈適用の誤りひいては理由不備の違法があるとされた事例(最判昭和63.4.21)","石島 弘,石島 弘"
"帝國製薬株式会社 代表取締役社長 藤岡実佐子氏 人類を痛みから解放する,無冠のナンバーワン企業","藤岡 実佐子,藤岡 実佐子"
デューイの経験的自然主義と教育思想,"對馬, 登,對馬登 著"
東京湾諸島,"加藤, 庸二, 1950-,加藤庸二 著"
時の判例 1.JR各社の成立の時の職員の採用について専ら日本国有鉄道が組合差別をした場合におけるJR各社の設立委員ひいてはJR各社の労働組合法7条にいう使用者としての責任 2.雇入れの拒否と労働組合法7条1号本文にいう不利益な取扱い--最高裁平成15.12.22第一小法廷判決,"阪本 勝,阪本 勝"
流れ : 自然が創り出す美しいパターン,"Ball, Philip, 1962-,塩原, 通緒, 1966-,フィリップ・ボール 著,塩原通緒 訳"
「新潟東港ウルトラ港湾整備構想」が東京ひいては日本を救う : 識者座談会 : 東京直下地震に備えたバックアップ機能を新潟に,"佐藤 信秋,石﨑 徹,渡辺 徹,佐藤 信秋,石﨑 徹,渡辺 徹 他"
働き方改革のススメ(第13回)社員のモチベーションアップ、お客様満足度の向上、ひいては好業績につながった研修時間の確保 : 認定取得企業インタビュー(12)御堂筋税理士法人,""
"判示事項 相手方が,抗告人らに対し,相手方を未成年者(15歳)と面会交流させる義務を履行しなかったとして,間接強制の申立てをした事案について,間接強制をするためには債務者の意思のみによって債務を履行することができる場合であることが必要であるが,本件未成年者のような年齢の場合は子の協力が不可欠である上,本件未成年者は相手方との面会交流を拒否する意思を強固に形成しているところ,本件未成年者の精神的成熟度を考慮すれば,抗告人らにおいて本件未成年者らに面会交流を強いることは未成年者の判断能力ひいてはその人格を否定することになり,却って未成年者の福祉に反することから,本件債務は債務者らの意思のみによって履行することはできず履行不能であるなどとして,相手方の間接強制の申立てを却下した事例[大阪高裁平成29.4.28決定]",""
ひいては事務所の効率化のために ゼロから始める顧問先のIT化,"佐久間 裕幸,佐久間 裕幸"
フェアユースは経済を救う : デジタル覇権戦争に負けない著作権法,"城所, 岩生, 1941-,城所岩生 著"
フランスのワインと生産地ガイド : その土地の岩石・土壌・気候・日照、歴史とブドウの品種,"Pomerol, Charles,フランス地質学鉱山学研究所,鞠子, 正, 1930-,シャルル・ポムロール 監修,フランス地質学・鉱山学研究所 編集,鞠子正 訳"
"民事関係 平成15.12.22,1小判 1 JR各社の成立の時の職員の採用について専ら日本国有鉄道が組合差別をした場合におけるJR各社の設立委員ひいてはJR各社の労働組合法7条にいう使用者としての責任 2 雇入れの拒否と労働組合法7条1号本文にいう不利益な取扱い","阪本 勝,阪本 勝"
みんな、素敵な人だった(第17回)土居甫さんのこと、ひいては演出のことも,"福田 善之,福田 善之"
みんな、素敵な人だった(第25回)男が泣くこと、ひいてはミュージカルのことなど,"福田 善之,福田 善之"
"名物講師の「肝心要はここでしょ!」シリーズ(第9回)モノ乱れれば,ココロ乱れ,ひいては職も乱れる : 新たな広がりで経営に貢献する5S改善","植木 憲二,植木 憲二"
メガクリティック : ジャンルの闘争としての文学,"池田, 雄一, 1969-,池田雄一 著"
メンタル面への働きかけが社員を動かす ひいては会社の生産性・業績にも,""
焼畑(やきはた)の環境学 : いま焼畑とは,"原田, 信男, 1949-,鞍田, 崇, 1970-,佐藤, 洋一郎, 1952-,原田信男, 鞍田崇 編,佐藤洋一郎 監修"
世のため人のため、ひいては自分のための経営論 : ミッションコア企業のイノベーション,"磯辺, 剛彦, 1958-,磯辺剛彦 著"
リーダーシップ・スタイルが市場志向、ひいては事業成果に及ぼす影響,岩下 仁
リーダーシップ・スタイルが市場志向、ひいては事業成果に及ぼす影響 : 日本の上場企業を対象とした定量的研究,"岩下 仁,岩下 仁"
"両備グループ 代表兼CEO 小嶋光信氏 : 忠恕(ちゅうじょ)(真心からの思いやり)の経営 : 地方に根を張り,人間を中心とした会社を作る","小嶋 光信,小嶋 光信"
ルポ看護の質 : 患者の命は守られるのか,"小林, 美希,小林美希 著"
"連載 ホスピタリストが日本の医療を変える･case 4 市立福知山市民病院-総合内科医は地域基幹病院の,ひいては地域医療の要である",川島 篤志
CO₂削減にも資する保守メンテナンス 設備効率の向上、ひいてはCO₂削減にも資する保守メンテナンス方法を紹介する : 設備保全にDXを取り入れることによる予知保全の確立について,"竹野 俊夫,竹野 俊夫"
HILLTOP株式会社 代表取締役社長 山本勇輝氏 「楽しくなければ仕事じゃない!」を本気で考える経営,"山本 勇輝,山本 勇輝"
"INTERVIEW 『これがベストだ』と思える""主義""が、ひいては企業の資産となる 葛西薫","葛西 薫,葛西 薫"
KeePer技研株式会社 代表取締役社長兼COO 賀来聡介氏 経営理念は「日本に新しい洗車文化を」「愛車を長くきれいにしたい」を解決する,"賀来 聡介,賀来 聡介"
Overexpression of GRK2 in vascular smooth muscle leads to inappropriate hypertension and acute heart failure as in clinical scenario 1,"Yano, Hiroki,Onoue, Kenji,Tokinaga, Shiho,Ioka, Tomoko,Ishihara, Satomi,Hashimoto, Yukihiro,Nakada, Yasuki,Nakagawa, Hitoshi,Ueda, Tomoya,Seno, Ayako,Nishida, Taku,Watanabe, Makoto,Saito, Yoshihiko,Yano, Hiroki,Onoue, Kenji,Tokinaga, Shiho,Ioka, Tomoko,Ishihara, Satomi,Hashimoto, Yukihiro,Nakada, Yasuki,Nakagawa, Hitoshi,Ueda, Tomoya,Seno, Ayako,Nishida, Taku,Watanabe, Makoto,Saito, Yoshihiko"
Overexpression of GRK2 in vascular smooth muscle leads to inappropriate hypertension and acute heart failure as in clinical scenario 1,"Yano, Hiroki,Onoue, Kenji,Tokinaga, Shiho,Ioka, Tomoko,Ishihara, Satomi,Hashimoto, Yukihiro,Nakada, Yasuki,Nakagawa, Hitoshi,Ueda, Tomoya,Seno, Ayako,Nishida, Taku,Watanabe, Makoto,Saito, Yoshihiko,Yano, Hiroki,Onoue, Kenji,Tokinaga, Shiho,Ioka, Tomoko,Ishihara, Satomi,Hashimoto, Yukihiro,Nakada, Yasuki,Nakagawa, Hitoshi,Ueda, Tomoya,Seno, Ayako,Nishida, Taku,Watanabe, Makoto,Saito, Yoshihiko"
"Witherspoon v.Illinois,391 U.S.510(1968)--陪審候補者が一般的に死刑制度に反対である旨あるいは死刑を科すことに良心上ないし宗教上ためらいを感じる旨を表明したことのみを理由に忌避された結果選出された陪審の評決によって科された死刑判決は連邦憲法第6修正ひいては同第14修正に違反する","芝原 邦爾,芝原 邦爾"
"Witherspoon v.Illinois,391 U.S.510(1968)--陪審候補者が一般的に死刑制度に反対である旨あるいは死刑を科すことに良心上ないし宗教上ためらいを感じる旨を表明したことのみを理由に忌避された結果選出された陪審の評決によって科された死刑判決は連邦憲法第6修正ひいては同第14修正に違反する","芝原 邦爾,芝原 邦爾"
