函館美術館,https://upload.wikimedia.org/wikipedia/commons/f/f1/Hakodate_Museum_of_Art_Hokkaido_Japan04s3.jpg
北海道立近代美術館,https://upload.wikimedia.org/wikipedia/commons/9/9b/%E5%8C%97%E6%B5%B7%E9%81%93%E7%AB%8B%E8%BF%91%E4%BB%A3%E7%BE%8E%E8%A1%93%E9%A4%A8.JPG
小樽芸術村,https://my10.jp/images/otaru-art-base-22.jpg
小樽美術館,""
札幌芸術の森美術館,https://upload.wikimedia.org/wikipedia/commons/9/96/Sapporo_art_museum.jpg
釧路湿原美術館,""
木田金次郎美術館,""
旭川美術館,https://upload.wikimedia.org/wikipedia/commons/thumb/5/59/%E5%8C%97%E6%B5%B7%E9%81%93%E7%AB%8B%E6%97%AD%E5%B7%9D%E7%BE%8E%E8%A1%93%E9%A4%A8.JPG/600px-%E5%8C%97%E6%B5%B7%E9%81%93%E7%AB%8B%E6%97%AD%E5%B7%9D%E7%BE%8E%E8%A1%93%E9%A4%A8.JPG
帯広美術館,""
北のアルプ美術館,https://www.okhotskool.jp/okhotsk/wp-content/uploads/2022/03/201_jh_6_alpsbijutukan.jpg
神田日勝記念美術館,""
森の美術館・木夢,""
中原悌二郎記念旭川市彫刻美術館,https://upload.wikimedia.org/wikipedia/commons/9/91/Asahikawa_Museum_of_Sculpture.JPG
トリックアート美術館,""
金田心象書道美術館,""
網走市立美術館,https://upload.wikimedia.org/wikipedia/commons/6/62/Abashiri_Municipal_Art_Museum01s3.jpg
後藤純男美術館,""
太陽の森ディマシオ幻想美術館,""
三岸好太郎美術館,""
小川原脩記念美術館,""
西村計雄記念美術館,""
釧路市立美術館,https://upload.wikimedia.org/wikipedia/commons/3/38/Manabot_Nusamai_Kushiro_Hokkaido_Japan02n.jpg
室蘭市民美術館,""
伏木田光夫美術館,
本郷新記念札幌彫刻美術館,https://upload.wikimedia.org/wikipedia/commons/6/6d/Hongo_Shin_Memorial_Museum_of_Sculpture%2C_Sapporo_-_Main_Hall.jpg
相原求一朗美術館,""
荒井記念美術館,""
荒川版画美術館,""
かたるべの森美術館,""
万代島美術館,""
新潟市美術館,https://upload.wikimedia.org/wikipedia/commons/9/9c/Niigata_City_Art_Museum.jpg
新潟市新津美術館,https://upload.wikimedia.org/wikipedia/commons/3/32/Niitsu_Art_Museum_201905.jpg
新潟県立近代美術館,https://upload.wikimedia.org/wikipedia/commons/2/2c/%E6%96%B0%E6%BD%9F%E8%BF%91%E4%BB%A3%E7%BE%8E%E8%A1%93%E9%A4%A8.jpg
雪梁舎美術館,https://upload.wikimedia.org/wikipedia/commons/5/56/%E9%9B%AA%E6%A2%81%E8%88%8E%E7%BE%8E%E8%A1%93%E9%A4%A8%E5%A4%96%E8%A6%B3.jpg
胎内市美術館,""
駒形十吉記念美術館,https://upload.wikimedia.org/wikipedia/commons/1/18/Komagata_Jukichi_Museum_of_Art.JPG
知足美術館,https://upload.wikimedia.org/wikipedia/commons/6/64/Chisoku_Art_Museum%2C_Niigata%2C_Niigata%2C_Japan%2C_August_2024.jpg
トミオカホワイト美術館,""
良寛の里美術館,""
池田記念美術館,""
谷村美術館,""
潟東樋口記念美術館,""
長岡市栃尾美術館,https://upload.wikimedia.org/wikipedia/commons/9/99/%E9%95%B7%E5%B2%A1%E5%B8%82%E6%A0%83%E5%B0%BE%E7%BE%8E%E8%A1%93%E9%A4%A8.jpg
美ヶ原高原美術館,https://upload.wikimedia.org/wikipedia/commons/2/28/Roadside_Station_the_Utsukushi-ga-hara_Open-Air_Museum.jpg
松本市美術館,https://upload.wikimedia.org/wikipedia/commons/5/54/220728_Matsumoto_City_Museum_of_Art_Japan03s3.jpg
安曇野ちひろ美術館,https://upload.wikimedia.org/wikipedia/commons/c/cd/150922_Chihiro_Art_Museum_Azumino_Japan01s3.jpg
諏訪市美術館,https://upload.wikimedia.org/wikipedia/commons/e/e2/130607_Suwa_City_Museum_of_Art_Suwa_Japan02n.jpg
信州小布施北斎館,""
信州高遠美術館,https://upload.wikimedia.org/wikipedia/commons/5/5d/Takato_Ina_Takato_Museum_of_Art-a.JPG
SUWAガラスの里,""
長野県立美術館,https://upload.wikimedia.org/wikipedia/commons/d/dc/Nagano_Prefectural_Art_Museum_Main_building.jpg
蓼科テディベア美術館,https://upload.wikimedia.org/wikipedia/commons/e/e6/Lake_Shirakaba38s5s3200.jpg
ペイネ美術館,https://upload.wikimedia.org/wikipedia/commons/6/6c/Peynet_museum01s3872.jpg
市立岡谷美術考古館,https://upload.wikimedia.org/wikipedia/commons/f/fa/Okaya_Art_%26_Archaeological_Museum.jpg
豊科近代美術館,https://upload.wikimedia.org/wikipedia/commons/4/49/Azumino_Muncipal_Museum_of_Modern_Art%2C_Toyoshina_and_Toyoshina_Exchange_and_Learning_Center_Kibo.jpg
軽井沢絵本の森美術館,https://upload.wikimedia.org/wikipedia/commons/0/0d/Karuizawa_Museum_of_Picture_Books01s3872.jpg
小海町高原美術館,https://upload.wikimedia.org/wikipedia/commons/2/28/%E5%B0%8F%E6%B5%B7%E7%94%BA%E9%AB%98%E5%8E%9F%E7%BE%8E%E8%A1%93%E9%A4%A8.JPG
上田市立美術館,""
奥村土牛記念美術館,https://upload.wikimedia.org/wikipedia/commons/6/66/Okumura_Togyu_Memorial_Museum_of_Art.jpg
辰野美術館,""
八ヶ岳美術館,https://upload.wikimedia.org/wikipedia/commons/b/b5/Yatsugatake_Museum_of_Art.JPG
原田泰治美術館,""
日本童画美術館,""
小山敬三美術館,""
飯田市川本喜八郎人形美術館,https://upload.wikimedia.org/wikipedia/commons/f/f8/Iida_City_Kawamoto_Kihachiro_Puppet_Museum.jpg
伊豆の長八美術館,https://upload.wikimedia.org/wikipedia/commons/3/32/Chohachi_Matsuzaki_Shizuoka_Japan.jpg
志賀高原ロマン美術館,""
深沢紅子野の花美術館,""
ゼゾン現代美術館,""
木曽路美術館,
小諸高原美術館,""
池田町立美術館,""
佐久市立近代美術館,https://upload.wikimedia.org/wikipedia/commons/9/94/Saku_Municipal_Museum_of_Modern_Art.jpg
水野美術館,https://upload.wikimedia.org/wikipedia/commons/8/82/Map_of_Nagano_Prefecture_Ja.svg
山梨県立美術館,https://upload.wikimedia.org/wikipedia/commons/b/b2/Art_museums_in_Yamanashi_prefecture_20231028a2.jpg
河口湖美術館,""
河口湖音楽と森の美術館,https://upload.wikimedia.org/wikipedia/commons/6/6e/Fountain_show_on_the_hour_every_hour%2C_Kawaguchi-ko_Music_Forest_Museum_%28%E6%B2%B3%E5%8F%A3%E6%B9%96%E3%82%AA%E3%83%AB%E3%82%B4%E3%83%BC%E3%83%AB%E3%81%AE%E6%A3%AE%E3%81%A7%E6%AF%8E%E6%AD%A3%E6%99%82%E3%81%AB%E8%A1%8C%E3%82%8F%E3%82%8C%E3%82%8B%E5%99%B4%E6%B0%B4%E3%82%B7%E3%83%A7%E3%83%BC%29.jpg
富士川・切り絵の森美術館,""
昇仙峡影絵の森美術館,""
韮崎大村美術館,https://upload.wikimedia.org/wikipedia/commons/4/46/Nirasaki-Omura-Artmuseum_A.JPG
南アルプス市立美術館,""
近藤浩一路記念南部町立美術館,""
清春白樺美術館,""
笛吹市青楓美術館,""
尾瀬写真美術館,""
都留市増田誠美術館,""
須玉美術館,
藪内正幸美術館,""
青森県立美術館,https://upload.wikimedia.org/wikipedia/commons/e/e6/140913_Aomori_Museum_of_Art_Japan02bs3.jpg
十和田市現代美術館,https://upload.wikimedia.org/wikipedia/commons/d/d4/Towada_art_center.JPG
鷹山宇一記念美術館,""
弘前れんが倉庫美術館,https://upload.wikimedia.org/wikipedia/commons/f/f6/Hirosaki_Museum_of_Contemporary_Art.jpg
八戸市美術館,https://upload.wikimedia.org/wikipedia/commons/9/91/Hachinohe_Art_Museum_2023.jpg
帆風美術館,""
岩手県立美術館,https://upload.wikimedia.org/wikipedia/commons/b/b5/Iwate_Museum_of_Art_Grand_Gallery.jpg
石神の丘美術館,
花巻おもちゃ美術館,""
萬鉄五郎記念美術館,""
川村美術館,""
利根山光人記念美術館,https://upload.wikimedia.org/wikipedia/commons/3/31/Toneyama_Kojin_Memorial_Museum01s3872.jpg
川村美術館デッサン館,""
秋田県立美術館,""
仙北市平福記念美術館,""
秋田県立近代美術館,https://upload.wikimedia.org/wikipedia/commons/f/f4/Akita_Museum_of_Modern_Art_20190503.jpg
千秋美術館,""
鳥海山木のおもちゃ美術館,
横手市増田まんが美術館,https://upload.wikimedia.org/wikipedia/commons/0/0d/Yokote-Masuda_Manga_Museum_20190503.jpg
亀田城・佐藤八十八美術館,""
鎌鼬美術館,https://ugokanko.com/wp-content/uploads/2023/04/%E9%8E%8C%E9%BC%AC%EF%BC%91.jpg
宮城県美術館,https://upload.wikimedia.org/wikipedia/commons/e/ed/The_miyagi_museum_of_art01s3872.jpg
高倉勝子美術館桜小路,""
中鉢美術館,""
リアス・アーク美術館,https://upload.wikimedia.org/wikipedia/commons/c/c8/Riasu_ark_museum.jpg
大衡村ふるさと美術館,https://upload.wikimedia.org/wikipedia/commons/4/45/Ohira_Furusato1.JPG
山形美術館,https://upload.wikimedia.org/wikipedia/commons/4/41/220430_Yamagata_Museum_of_Art_Yamagata_Yamagata_pref_Japan02s3.jpg
天童市美術館,https://upload.wikimedia.org/wikipedia/commons/f/f2/Tendo_City_Museum_of_Art%2C_Tendo.jpg
土門拳記念館,https://upload.wikimedia.org/wikipedia/commons/d/d7/Ken_Domon_Museum_of_Photography%2C_22_September_2009%2C_002.jpg
東根市美術館,""
本間美術館,https://upload.wikimedia.org/wikipedia/commons/1/1e/Homma_Museum_of_Art.jpg
酒田市美術館,https://upload.wikimedia.org/wikipedia/commons/4/4d/Sakata-city_Art.JPG
よねざわ市民ギャラリー,""
最上川美術館,https://upload.wikimedia.org/wikipedia/commons/1/1b/Gthumb.svg
福島県立美術館,https://upload.wikimedia.org/wikipedia/commons/5/5c/Fukushima-Pref-Museum-of-Art02.jpg
諸橋近代美術館,https://upload.wikimedia.org/wikipedia/commons/4/44/Morohashi_Museum_of_Modern_Art.JPG
いわき市立美術館,https://upload.wikimedia.org/wikipedia/commons/4/4f/Iwaki_City_Art_Museum.jpg
福島片岡鶴太郎美術庭園,""
斎藤清美術館,""
喜多方市美術館,https://upload.wikimedia.org/wikipedia/commons/8/85/Museum%2CKitakata_%281390820482%29.jpg
郡山市立美術館,https://upload.wikimedia.org/wikipedia/commons/f/fc/Koriyama_City_Museum_of_Art.jpg
福島市写真美術館,https://upload.wikimedia.org/wikipedia/commons/1/12/Fukushima_City_Museum_of_Photography.JPG
梁川美術館,""
妖精美術館,""
大山忠作美術館,""
あぶくま高原美術館,""
川俣町美術館,
可月亭庭園美術館,""
東北電力奥会津水力館みお里,
SGT美術館,""
富山市ガラス美術館,https://upload.wikimedia.org/wikipedia/commons/e/e9/TOYAMA%E3%82%AD%E3%83%A9%E3%83%AA.jpg
秋水美術館,https://upload.wikimedia.org/wikipedia/commons/e/e2/Mori_Shuhei_Museum_of_Art.jpg
富山県美術館,https://upload.wikimedia.org/wikipedia/commons/0/0c/TAD_montage_2017.png
井波彫刻総合会館,""
佐藤記念美術館,https://upload.wikimedia.org/wikipedia/commons/1/14/Sato_Memorial_Art_Museum_Toyama02st3200.jpg
砺波市美術館,https://upload.wikimedia.org/wikipedia/commons/7/7c/Tonami_Art_Museum_20070828140203.jpg
黒部市美術館,https://upload.wikimedia.org/wikipedia/commons/1/1b/Gthumb.svg
世界一かわいい美術館,https://upload.wikimedia.org/wikipedia/commons/c/cc/Art_Museum_in_Mizuhashi%2CToyama.jpg
高岡市美術館,https://upload.wikimedia.org/wikipedia/commons/8/8f/Takaoka_Art_Museum_1-1.jpg
黒部峡谷セレネ美術館,""
入善町下山芸術の森発電所美術館,""
name,photo_url
ふるさと美術館,
西田美術館,https://upload.wikimedia.org/wikipedia/commons/1/1b/Gthumb.svg
福光美術館,""
百河豚美術館,https://upload.wikimedia.org/wikipedia/commons/1/1b/Gthumb.svg
富山市篁牛人記念美術館,""
青井記念館美術館,https://upload.wikimedia.org/wikipedia/commons/d/da/Takaoka_Kogei_Highschool.jpg
金沢21世紀美術館,https://upload.wikimedia.org/wikipedia/commons/b/b2/21st_Century_Museum_of_Contemporary_Art%2C_Kanazawa011.jpg
能登島ガラス美術館,""
石川県立美術館,https://upload.wikimedia.org/wikipedia/commons/c/cc/Ishikawa_Prefectural_Museum_of_Art.JPG
金沢能楽美術館,""
中村記念美術館,https://upload.wikimedia.org/wikipedia/commons/5/52/Kanazawa_Nakamura_Memorial_Museum_01.jpg
本陣記念美術館,""
七尾美術館,https://upload.wikimedia.org/wikipedia/commons/1/1f/%E7%9F%B3%E5%B7%9D%E7%9C%8C%E4%B8%83%E5%B0%BE%E7%BE%8E%E8%A1%93%E9%A4%A8_Nanao_Art_Museum.jpg
宮本三郎美術館,""
九谷焼美術館,""
石川県輪島漆芸美術館,https://upload.wikimedia.org/wikipedia/commons/8/88/%E7%9F%B3%E5%B7%9D%E7%9C%8C%E8%BC%AA%E5%B3%B6%E6%BC%86%E8%8A%B8%E7%BE%8E%E8%A1%93%E9%A4%A8%E5%A4%96%E8%A6%B3.jpg
浅蔵五十吉美術館,""
茶臼山高原の美術館,""
松任中川一政記念美術館,""
佐倉市立美術館,https://upload.wikimedia.org/wikipedia/commons/5/50/Sakura_City_Museum_of_Art_2010.jpg
宮本三郎美術館分館 宮本三郎ふるさと館,""
羽根万象美術館,""
硲伊之助美術館,""
能美市九谷焼美術館,""
福井市美術館,https://upload.wikimedia.org/wikipedia/commons/0/09/FUKUI_CITY_ART_MUSEUM.jpg
愛宕坂茶道美術館,https://upload.wikimedia.org/wikipedia/commons/b/b4/Fukui_City_Atagozaka_Tea_Ceremony_Museum01bs3200.jpg
ちひろの生まれた家 記念館,""
福井県立美術館,https://upload.wikimedia.org/wikipedia/commons/0/01/Fukui_Fine_Arts_Museum.jpg
熊川宿若狭美術館,""
能楽の里能面美術館,""
五色山公園匠の美術館,""
国立西洋美術館,https://upload.wikimedia.org/wikipedia/commons/9/9d/National_museum_of_western_art05s3200.jpg
国立新美術館,https://upload.wikimedia.org/wikipedia/commons/a/af/2018_National_Art_Center%2C_Tokyo_2.jpg
東京都美術館,https://upload.wikimedia.org/wikipedia/commons/c/c1/Toukyoutoartmuseum.jpg
スヌーピーミュージアム,https://upload.wikimedia.org/wikipedia/commons/4/45/Snoopy_Museum_Tokyo_%28Minamimachida%29_01.jpg
三鷹の森ジブリ美術館,https://upload.wikimedia.org/wikipedia/commons/e/ee/Ghibli_museum.png
チームラボプラネッツ TOKYO DMM.com,""
上野の森美術館,https://upload.wikimedia.org/wikipedia/commons/0/06/Ueno_Royal_Museum.JPG
岡本太郎記念館,https://upload.wikimedia.org/wikipedia/commons/5/53/Taro_Okamoto_Memorial_Museum_Tokyo.jpg
湯河原美術館,""
東京国立近代美術館-本館,""
すみだ北斎美術館,https://upload.wikimedia.org/wikipedia/commons/0/05/2018_Sumida_Hokusai_Museum_2.jpg
東京都現代美術館,https://upload.wikimedia.org/wikipedia/commons/7/77/Museum_of_Contemporary_Art_Tokyo_2009.jpg
三井記念美術館,https://upload.wikimedia.org/wikipedia/commons/5/58/Mitsui_Main_Building.jpg
東京富士美術館,https://upload.wikimedia.org/wikipedia/commons/7/72/TokyoFujiArtMuseum2.jpg
練馬区立美術館,https://upload.wikimedia.org/wikipedia/commons/1/18/Nerima_art_museum.JPG
百段階段,https://upload.wikimedia.org/wikipedia/commons/7/77/Meguro_Gajoen-1.jpg
国際版画美術館,""
府中市美術館,https://upload.wikimedia.org/wikipedia/commons/4/4e/Fuchu.no.mori.kouen_02.jpg
目黒区美術館,https://upload.wikimedia.org/wikipedia/commons/4/4e/%E7%9B%AE%E9%BB%92%E5%8C%BA%E7%BE%8E%E8%A1%93%E9%A4%A8.jpg
森ビル デジタルアート ミュージアム：エプソン チームラボボーダレス,""
東京都写真美術館,https://upload.wikimedia.org/wikipedia/commons/3/38/Tokyo_Metropolitan_Museum_of_Photography_entrance_2011_January.jpg
出光美術館,https://upload.wikimedia.org/wikipedia/commons/c/c1/Imperial_Garden_Theater%2C_Tokyo.jpg
松濤美術館,https://upload.wikimedia.org/wikipedia/commons/0/0c/Shoto_Museum_of_Art_2010.jpg
永青文庫,https://upload.wikimedia.org/wikipedia/commons/0/04/Eisei_Bunko_Museum.jpg
草間彌生美術館,https://upload.wikimedia.org/wikipedia/commons/2/2d/YAYOI_KUSAMA_MUSEUM_%E8%8D%89%E9%96%93%E5%BD%8C%E7%94%9F%E7%BE%8E%E8%A1%93%E9%A4%A82018sideCIMG3596.jpg
太田記念美術館,https://upload.wikimedia.org/wikipedia/commons/c/c5/Ota-Memorial-Museum-Harajuku-01.jpg
鎌倉市鏑木清方記念美術館,""
板橋区立美術館,https://upload.wikimedia.org/wikipedia/commons/7/7f/Itabashi_ku_ritsu_Bijutsukan_Gaikan_20200321.jpg
アーティゾン美術館,https://upload.wikimedia.org/wikipedia/commons/4/49/Artizon_Museum_lobby_view_201912.jpg
吉祥寺美術館,""
森美術館,https://upload.wikimedia.org/wikipedia/commons/8/83/Mori_Art_Museum_Entrance_2013.jpg
宮本三郎記念美術館,""
箱根ガラスの森美術館,https://upload.wikimedia.org/wikipedia/commons/7/7e/Hakone_Venetian_Glass_Museum.jpg
彫刻の森美術館,https://upload.wikimedia.org/wikipedia/commons/9/91/Hakone5.jpg
横浜美術館,https://upload.wikimedia.org/wikipedia/commons/c/ce/Yokohama_Museum_of_Art_2009.jpg
箱根ラリック美術館,https://upload.wikimedia.org/wikipedia/commons/4/4f/230910_Lalique_Museum_Hakone_Japan01s3.jpg
平塚市美術館,https://upload.wikimedia.org/wikipedia/commons/9/9e/Hiratsuka_MOA.JPG
横須賀美術館,https://upload.wikimedia.org/wikipedia/commons/9/9b/Yokosuka_Museum_of_Art_20100709-03.jpg
箱根美術館,https://upload.wikimedia.org/wikipedia/commons/c/c3/%E7%AE%B1%E6%A0%B9%E7%BE%8E%E8%A1%93%E9%A4%A8%E6%9C%AC%E9%A4%A8.jpg
岡本太郎美術館,https://upload.wikimedia.org/wikipedia/commons/0/02/Taro_Okamoto_Museum3a.jpg
中川一政美術館,""
箱根・芦ノ湖成川美術館,""
茅ケ崎市美術館,""
箱根ドールハウス美術館,""
秩父美術館,""
近代美術館葉山,""
箱根武士の里美術館,""
ポーラ美術館,https://upload.wikimedia.org/wikipedia/commons/9/90/Pola_art.svg
そごう美術館,https://upload.wikimedia.org/wikipedia/commons/4/49/Yokohama_Shitoshi_Bld.jpg
北鎌倉古民家ミュージアム,""
川崎浮世絵ギャラリー,https://upload.wikimedia.org/wikipedia/commons/8/89/201912ukyoe.jpg
藤澤浮世絵館,""
岡田美術館,https://upload.wikimedia.org/wikipedia/commons/6/60/Map_of_Kanagawa_Prefecture_Ja.svg
国立映画アーカイブ 相模原分館,""
光と緑の美術館,""
中村正義の美術館,https://upload.wikimedia.org/wikipedia/commons/6/60/Map_of_Kanagawa_Prefecture_Ja.svg
角川武蔵野ミュージアム,""
埼玉県立近代美術館,https://upload.wikimedia.org/wikipedia/commons/c/c4/Museum_of_Modern_Art_Saitama_2010.jpg
川越市立美術館,https://upload.wikimedia.org/wikipedia/commons/8/8f/Kawagoe_City_Art_Museum.JPG
うらわ美術館,https://upload.wikimedia.org/wikipedia/commons/f/f6/UrawaCenturyCity201303.jpg
大宮盆栽美術館,https://upload.wikimedia.org/wikipedia/commons/2/28/Saitama_Omiya_Bonsai_Art_Museum_1.JPG
アートギャラリー・アトリア,""
原爆の図丸木美術館,https://upload.wikimedia.org/wikipedia/commons/a/a4/Maruki_museum.jpg
河鍋暁斎記念美術館,https://upload.wikimedia.org/wikipedia/commons/7/7b/Kyosai_20070210.jpg
しのぎ刀剣美術館,
千葉県立美術館,https://upload.wikimedia.org/wikipedia/commons/2/22/Chiba_Prefectural_Museum_of_Art_2010.jpg
塚本美術館,""
ホキ美術館,https://upload.wikimedia.org/wikipedia/commons/1/16/Hoki_museum_outside_rear_001.jpg
千葉市美術館,https://upload.wikimedia.org/wikipedia/commons/f/f6/KyuuKawasakiGinkouChibashiten.jpg
市原湖畔美術館,https://upload.wikimedia.org/wikipedia/commons/1/17/Ichihara_Lakeside_Museum.JPG
茂原市立美術館・郷土資料館,""
DIC川村記念美術館,""
菱川師宣記念館,https://upload.wikimedia.org/wikipedia/commons/e/e6/Hishikawa_Moronobu_Memorial_Museum_08.jpg
千葉市民ギャラリー・いなげ,
ふなばしアンデルセン公園子ども美術館,""
白浜海洋美術館,""
中村順二美術館,""
木更津わたくし美術館,""
城西国際大学水田美術館,""
茨城県陶芸美術館,""
茨城県近代美術館,https://upload.wikimedia.org/wikipedia/commons/0/08/Museum_of_Modern_Art_Ibaraki.JPG
古河歴史博物館別館 古河街角美術館,
大野潮騒はまなす公園美術館・資料館,""
天心記念五浦美術館,https://upload.wikimedia.org/wikipedia/commons/3/3f/Map_of_Ibaraki_Prefecture_Ja.svg
古河歴史博物館別館 篆刻美術館,
茨城県近代美術館つくば分館,""
しもだて美術館,""
東京藝術大学大学美術館取手館,""
ひょうたん美術館,""
チームラボ 幽谷隠田跡,""
とりっくあーとぴあ日光,https://upload.wikimedia.org/wikipedia/commons/f/f2/Trick_Artpia_Nikko.JPG
那珂川町馬頭広重美術館,https://upload.wikimedia.org/wikipedia/commons/c/ca/Bato_Hiroshige_Museum_2009.jpg
車屋美術館,""
宇都宮美術館,https://upload.wikimedia.org/wikipedia/commons/c/c8/UMOA_Aug._2020.jpg
栃木県立美術館,https://upload.wikimedia.org/wikipedia/commons/8/81/Tochigi_Prefectural_Museum_of_Fine_Arts_2020_1.jpg
うつのみや文化の森,""
小杉放菴記念日光美術館,""
川上澄生美術館,https://upload.wikimedia.org/wikipedia/commons/a/ac/Kanuma_Municipal_Art_Museum_of_Kawakami_Sumio.JPG
足利市立美術館,https://upload.wikimedia.org/wikipedia/commons/e/e9/Ashikaga_Museum_of_Art_02.jpg
吉澤記念美術館,""
サンバレー美術館,""
草雲美術館,https://upload.wikimedia.org/wikipedia/commons/5/52/SounArtMuseum.JPG
東石美術館,https://upload.wikimedia.org/wikipedia/commons/1/18/Sano_Toseki_Art_museum.jpg
ギャラリーハンナ,""
群馬県立近代美術館,https://upload.wikimedia.org/wikipedia/commons/c/c8/The_Museum_of_Modern_Art%2C_Gunma.JPG
富弘美術館,https://upload.wikimedia.org/wikipedia/commons/c/c0/Tomihiro_Art_Museum_1.jpg
館林美術館,https://upload.wikimedia.org/wikipedia/commons/d/d8/Gunma_Museum_of_Art%2C_Tatebayashi_1.jpg
妙義ふるさと美術館,
大隅俊平美術館,""
太田市美術館・図書館,https://upload.wikimedia.org/wikipedia/commons/0/05/Art_Museum_%26_Library%2C_Ota_ac_%282%29.jpg
高崎市美術館,https://upload.wikimedia.org/wikipedia/commons/4/4a/Takasaki_Museum_of_Art.jpg
タワー美術館,""
富岡市立美術博物館 福沢一郎記念美術館,""
天一美術館,https://upload.wikimedia.org/wikipedia/commons/9/98/Ten-ichi_Museum.JPG
渋川市美術館・桑原巨守彫刻美術館,https://upload.wikimedia.org/wikipedia/commons/d/da/Shibukawa_City_Art_Museum.JPG
伊香保保科美術館,""
久保田美術館,
関口コオきり絵美術館,""
原美術館ARC,""
榛名美術記念公園,""
観音山ティアラミュージアム TARO KAMITANI,""
名古屋市美術館,https://upload.wikimedia.org/wikipedia/commons/3/30/Nagoya_City_Art_Museum%2C_Sakae_Naka_Ward_Nagoya_2022.jpg
豊田市美術館,https://upload.wikimedia.org/wikipedia/commons/0/0c/Toyota_Municipal_Museum_of_Art%2C_Kozakahon-machi_Toyota_2012.JPG
徳川美術館,https://upload.wikimedia.org/wikipedia/commons/f/f3/View_of_Tokugawa_Art_Museum_%281%29%2C_Tokugawa-cho_Higashi_Ward_Nagoya_2021.jpg
愛知県美術館(愛知芸術文化センター),""
マスプロ美術館,https://upload.wikimedia.org/wikipedia/commons/0/0a/Maspro_Art_Museum_%28Nissin_city._2016.02.21%29.JPG
刈谷市美術館,https://upload.wikimedia.org/wikipedia/commons/9/90/140112_Kariya_City_Art_Museum_Kariya_Aich_pref_Japan01s3.jpg
三河工芸ガラス美術館,https://upload.wikimedia.org/wikipedia/commons/9/97/Mikawakougei-glass-art-museum.jpg
はるひ美術館,""
やきものの里かわら美術館,""
三岸節子記念美術館,https://upload.wikimedia.org/wikipedia/commons/a/a9/Ichinomiya_City_Memorial_Art_Museum_of_Setsuko_Migishi_ac.jpg
メナード美術館,https://upload.wikimedia.org/wikipedia/commons/a/a6/Menard_Art_Museum%EF%BC%91.jpg
愛知県陶磁美術館,https://upload.wikimedia.org/wikipedia/commons/6/6c/Aichi_Prefectural_Ceramic_Museum-01.jpg
名都美術館,https://upload.wikimedia.org/wikipedia/commons/c/c0/%E5%90%8D%E9%83%BD%E7%BE%8E%E8%A1%93%E9%A4%A8.jpg
荻須記念美術館,""
貨幣・浮世絵ミュージアム,https://upload.wikimedia.org/wikipedia/commons/7/79/MUFG_Money_Museum-New01.jpg
岡崎市美術館,https://upload.wikimedia.org/wikipedia/commons/5/5a/Okazaki-City-Art-Museum-3.jpg
藤井達吉現代美術館,""
かみや美術館,https://upload.wikimedia.org/wikipedia/commons/b/b1/Kamiya_art_museum.jpg
古川美術館,https://upload.wikimedia.org/wikipedia/commons/5/53/View_of_Furukawa_Art_Museum%2C_Ikeshita-cho_Chikusa_Ward_Nagoya_2022.jpg
春日井市道風記念館,https://upload.wikimedia.org/wikipedia/commons/f/f6/Tofu_Memorial_Museum.jpg
小原和紙美術館,""
ヤマザキマザック美術館,https://upload.wikimedia.org/wikipedia/commons/8/85/Yamazaki_Mazak_Museum_of_Art_and_Mazak_Art_Plaza.jpg
横山美術館,https://upload.wikimedia.org/wikipedia/commons/2/27/Yokoyama_Art_Museum_20200801.jpg
文化のみち 堀美術館,""
県民文化の森 岐阜県美術館,""
岐阜市歴史博物館分館 加藤栄三・東一記念美術館,""
齋藤美術館,https://upload.wikimedia.org/wikipedia/commons/a/ae/Sait%C5%8D_museum_of_art%2C_Guj%C5%8D_2022.jpg
飛騨高山美術館,""
飛騨市美術館,https://upload.wikimedia.org/wikipedia/commons/b/bb/Hida_City_Art_Museum_ac_%282%29.jpg
中山道広重美術館,https://upload.wikimedia.org/wikipedia/commons/7/72/Hiroshige_Museum_of_Art%2CEna.jpg
守屋多々志美術館,""
市之倉さかづき美術館,https://upload.wikimedia.org/wikipedia/commons/b/ba/Ichinokura_sakazuki_art_museum.jpg
岐阜県現代陶芸美術館,https://upload.wikimedia.org/wikipedia/commons/7/74/Museum_of_modern_ceramic_art_gifu.jpg
光ミュージアム,https://upload.wikimedia.org/wikipedia/commons/c/cf/Hikari_museum.jpg
関市武芸川ふるさと館,https://upload.wikimedia.org/wikipedia/commons/4/46/Mugegawa_Furusatokan_ac_%281%29.jpg
岐阜現代美術館,https://upload.wikimedia.org/wikipedia/commons/3/34/Gifu_Collection_of_Modern_Arts_20220507_01.jpg
ルーブル彫刻美術館,https://upload.wikimedia.org/wikipedia/commons/e/e3/Louvre_Sculpture_Museum%2C_Mie.jpg
三重県立美術館,https://upload.wikimedia.org/wikipedia/commons/3/33/140405_Mie_Prefectural_Art_Museum_Tsu_Japan06s3.jpg
神宮徴古館,https://upload.wikimedia.org/wikipedia/commons/d/df/Jingu-Chokokan_02.JPG
神宮美術館,https://upload.wikimedia.org/wikipedia/commons/d/df/Jingu-Chokokan_02.JPG
伊賀市ミュージアム青山讃頌舎,""
ORIBE美術館,""
小坡美術館,""
伊勢現代美術館,https://upload.wikimedia.org/wikipedia/commons/8/8c/%E4%BC%8A%E5%8B%A2%E7%8F%BE%E4%BB%A3%E7%BE%8E%E8%A1%93%E9%A4%A8%E5%A4%96%E8%A6%B3.jpg
澄懐堂美術館,https://upload.wikimedia.org/wikipedia/commons/2/22/Chokaido_Museum.JPG
MOA美術館,""
静岡県立美術館,https://upload.wikimedia.org/wikipedia/commons/8/8a/Shizuoka_Pref_Museum.jpg
佐野美術館,https://upload.wikimedia.org/wikipedia/commons/2/23/Sano_Art_Museum.jpg
東海道広重美術館,""
掛川市二の丸美術館,https://upload.wikimedia.org/wikipedia/commons/c/ca/%E6%8E%9B%E5%B7%9D%E5%B8%82%E4%BA%8C%E3%81%AE%E4%B8%B8%E7%BE%8E%E8%A1%93%E9%A4%A8_ac.jpg
澤田政廣記念美術館,""
静岡市美術館,https://upload.wikimedia.org/wikipedia/commons/b/b5/Aoi-Tower.jpg
芹沢銈介美術館,""
秋野不矩美術館,""
浜松市美術館,https://upload.wikimedia.org/wikipedia/commons/1/14/Hamamatsu_city_museum.jpg
ベルナール・ビュフェ美術館,""
静岡陶芸美術館,""
沼津市庄司美術館・モンミュゼ沼津,""
かんなみ仏の里美術館,https://upload.wikimedia.org/wikipedia/commons/5/50/Kannami_Buddha_statues_Museum.jpg
横井照子富士美術館,""
時之栖美術館,
駿府の工房 匠宿,""
上原美術館,""
大阪市立美術館,https://upload.wikimedia.org/wikipedia/commons/2/2e/Osaka_municipal_museum_of_art01s3200.jpg
国立国際美術館,https://upload.wikimedia.org/wikipedia/commons/5/57/NMAO01s3200.jpg
東洋陶磁美術館,""
城崎美術館,https://upload.wikimedia.org/wikipedia/commons/a/a6/Kinosaki_museum01_2816.jpg
久保惣記念美術館,""
奥内陶芸美術館,https://upload.wikimedia.org/wikipedia/commons/d/d8/Heiwakannonji%2C%E5%B9%B3%E5%92%8C%E8%A6%B3%E9%9F%B3%E5%AF%BA%2C%E4%B8%96%E7%95%8C%E5%B9%B3%E5%92%8C%E5%A4%A7%E8%A6%B3%E9%9F%B3%E5%83%8F_DSCF3854.JPG
正木美術館,https://upload.wikimedia.org/wikipedia/commons/2/2a/Masaki_Memorial1.jpg
中之島香雪美術館,""
藤田美術館,https://upload.wikimedia.org/wikipedia/commons/1/1b/Fujita_museum01s3072.jpg
小林美術館,""
大阪浮世絵美術館,""
上方浮世絵館,""
兵庫県立美術館,https://upload.wikimedia.org/wikipedia/commons/d/df/Hyogo_prefectural_museum_of_art08s3200.jpg
姫路市立美術館,https://upload.wikimedia.org/wikipedia/commons/f/f9/Himeji_City_Museum_of_Art20bs4480.jpg
中浜稔猫美術館,""
篠山市立歴史美術館,""
小磯記念美術館,https://upload.wikimedia.org/wikipedia/commons/6/64/Kobe_city_koiso_memorial_museum_of_art02s3200.jpg
兵庫県立美術館王子分館,""
伊藤清永美術館,""
兵庫陶芸美術館,https://upload.wikimedia.org/wikipedia/commons/3/3c/140510The_Museum_of_Ceramic_Art%2C_Hyogo_Sasayama_Hyogo_pref_Japan01bs5.jpg
神戸ファッション美術館,https://upload.wikimedia.org/wikipedia/commons/2/23/Kobe_fashion_museum01s3200.jpg
神戸ゆかりの美術館,https://upload.wikimedia.org/wikipedia/commons/5/58/Kobe_Yukari_Art_Museum01n3264.jpg
加東アート館,""
西宮市大谷記念美術館,https://upload.wikimedia.org/wikipedia/commons/0/07/230825_Otani_Memorial_Art_Museum_Nishinomiya_City_Hyogo_pref_Japan01s3.jpg
あさご芸術の森美術館,https://upload.wikimedia.org/wikipedia/commons/9/96/Asago_Art_Village_Museum02n4272.jpg
植野記念美術館,https://upload.wikimedia.org/wikipedia/commons/0/07/230502_Tamba_Municipal_Ueno_Memorial_Art_Museum_Tamba_Hyogo_pref_Japan02s5.jpg
香雪美術館,https://upload.wikimedia.org/wikipedia/commons/0/05/Kosetsu_Museum%EF%BC%9A%E9%A6%99%E9%9B%AA%E7%BE%8E%E8%A1%93%E9%A4%A8_-_panoramio.jpg
堀光美術館,https://upload.wikimedia.org/wikipedia/commons/9/90/Horimitsu_museum01n3200.jpg
伊丹市立美術館,""
神戸北野美術館,https://upload.wikimedia.org/wikipedia/commons/4/43/Kobe_kitano_museum01s2048.jpg
滝川記念美術館玉青館,https://upload.wikimedia.org/wikipedia/commons/7/7b/Minamiawaji_City_Gyokuseikan_Museum.JPG
円山川公苑美術館,""
但陽美術館,https://upload.wikimedia.org/wikipedia/commons/8/86/Tanyo_Shinkin_bank_Hall06n3200.jpg
城崎美術館,https://upload.wikimedia.org/wikipedia/commons/a/a6/Kinosaki_museum01_2816.jpg
加東アート館,""
エンバ中国近代美術館,https://upload.wikimedia.org/wikipedia/commons/5/54/Emba12s5.jpg
頴川美術館,https://upload.wikimedia.org/wikipedia/commons/8/82/Egawa_Art_Museum.jpg
宝塚市立文化芸術センター,https://upload.wikimedia.org/wikipedia/commons/b/b4/Takarazuka_Arts_Center_Takarazuka_Japan01-r.jpg
堀光美術館,https://upload.wikimedia.org/wikipedia/commons/9/90/Horimitsu_museum01n3200.jpg
伊丹市立美術館,""
神戸北野美術館,https://upload.wikimedia.org/wikipedia/commons/4/43/Kobe_kitano_museum01s2048.jpg
滝川記念美術館玉青館,https://upload.wikimedia.org/wikipedia/commons/7/7b/Minamiawaji_City_Gyokuseikan_Museum.JPG
円山川公苑美術館,""
但陽美術館,https://upload.wikimedia.org/wikipedia/commons/8/86/Tanyo_Shinkin_bank_Hall06n3200.jpg
エンバ中国近代美術館,https://upload.wikimedia.org/wikipedia/commons/5/54/Emba12s5.jpg
頴川美術館,https://upload.wikimedia.org/wikipedia/commons/8/82/Egawa_Art_Museum.jpg
宝塚市立文化芸術センター,https://upload.wikimedia.org/wikipedia/commons/b/b4/Takarazuka_Arts_Center_Takarazuka_Japan01-r.jpg
京都市京セラ美術館（京都市美術館）,""
京都国立近代美術館,https://upload.wikimedia.org/wikipedia/commons/d/d5/National_Museum_of_Modern_Art_Kyoto_2010.jpg
佐藤太清記念美術館,""
松花堂庭園・美術館,""
堂本印象美術館,""
細見美術館,https://upload.wikimedia.org/wikipedia/commons/6/66/Hosomi_Museum_ac.JPG
ZENBI鍵善良房KAGIZEN ART MUSEUM,""
樂美術館,""
井伊美術館,""
堀川新文化ビルヂング,""
聰山美術館,
京都市美術館 別館,""
佐川美術館,https://upload.wikimedia.org/wikipedia/commons/5/5b/Sagawa_art_museum01s3200.jpg
成田美術館,https://upload.wikimedia.org/wikipedia/commons/a/a8/Map_of_Shiga_Prefecture_Ja.svg
日登美美術館,""
滋賀県立美術館,https://upload.wikimedia.org/wikipedia/commons/6/60/Shiga_Museum_of_Art_exterior.jpg
ボーダレス・アートミュージアムNO-MA,""
谷寛窯ギャラリー 陶ほうざん,""
醒井木彫美術館,https://upload.wikimedia.org/wikipedia/commons/0/08/MWCS01s3200.jpg
長等創作展示館・三橋節子美術館,""
木下美術館,""
奈良県立美術館,https://upload.wikimedia.org/wikipedia/commons/9/95/Nara_prefectural_museum_of_art02ds3200.jpg
奈良金魚ミュージアム,""
入江泰吉記念奈良市写真美術館,https://upload.wikimedia.org/wikipedia/commons/0/05/Irie_Taikichi_Memorial_Museum.jpg
杉岡華邨書道美術館,""
奈良市美術館,https://upload.wikimedia.org/wikipedia/commons/5/52/Nara_City_Museum_2020%2C9.jpg
大和文華館,https://upload.wikimedia.org/wikipedia/commons/8/86/Yamato_Bunkakan01s4592.jpg
喜多美術館,""
和歌山県立近代美術館,https://upload.wikimedia.org/wikipedia/commons/3/30/121013_The_museum_of_modern_art%2C_wakayama01s3.jpg
田辺市立美術館,https://upload.wikimedia.org/wikipedia/commons/c/cc/131222_Tanabe_City_Museum_of_Art_Wakayama_pref_Japan01bs3.jpg
川久ミュージアム,""
熊野古道なかへち美術館,https://upload.wikimedia.org/wikipedia/commons/7/78/Nakahechi_artsalon_exterior.jpg
龍神村曼荼羅美術館,""
白浜美術館,""
丸亀市猪熊弦一郎現代美術館,https://upload.wikimedia.org/wikipedia/commons/f/f5/Marugame_Genichiro-Inokuma_Museum_of_Contemporary_Art_exterior_ac.jpg
地中美術館,https://upload.wikimedia.org/wikipedia/commons/3/35/150505_Chichu_Art_Museum_Naoshima_Island_Kagawa_pref_Japan01s3.jpg
豊島美術館,https://upload.wikimedia.org/wikipedia/commons/1/1d/Teshima_Art_Museum_exterior_view_201310.jpg
高松市美術館,https://upload.wikimedia.org/wikipedia/commons/1/1b/Takamatsu_City_Museum_of_Art_Building_1.jpg
中津万象園丸亀美術館,""
東山魁夷せとうち美術館,https://upload.wikimedia.org/wikipedia/commons/4/43/Kphsam01s3872.jpg
塩江美術館,""
坂出市民美術館,""
香川近代美術館,
タオル美術館,https://upload.wikimedia.org/wikipedia/commons/e/ee/Towel_Museum_Ichihiro.JPG
東広島市立美術館,https://upload.wikimedia.org/wikipedia/commons/0/01/Higashihiroshima_City_Museum_of_Art_2024.jpg
愛媛県美術館,https://upload.wikimedia.org/wikipedia/commons/5/57/The_Museum_of_Art%2C_EHIME_-_panoramio_%281%29.jpg
大三島美術館,""
河野美術館,""
玉川近代美術館,""
久万美術館,
ミウラート・ヴィレッジ,""
道後ぎやまんガラスミュージアム,""
セキ美術館,https://upload.wikimedia.org/wikipedia/commons/4/46/Seki_Museum%28Matsuyama_City%29.JPG
今治市立朝倉ふるさと美術古墳館,""
八幡浜市美術館,""
西予市立ギャラリーしろかわ,""
大塚国際美術館,https://upload.wikimedia.org/wikipedia/commons/d/d3/The_Otsuka_Museum_of_Art20s3203-B-T.jpg
徳島県立近代美術館,https://upload.wikimedia.org/wikipedia/commons/7/72/Tokushima_21st_century_cultural_information_center01n3872.jpg
徳島木のおもちゃ美術館,""
相生森林美術館,https://upload.wikimedia.org/wikipedia/commons/f/fa/Aioi_Shinrin_Bijyutsukan.JPG
鳴門ガレの森美術館,https://upload.wikimedia.org/wikipedia/commons/b/b4/Map_of_Tokushima_Prefecture_Ja.svg
蘭夢美術館,""
安芸市立書道美術館,""
高知県立美術館,https://upload.wikimedia.org/wikipedia/commons/c/cf/The_Museum_of_Art_Kochi08s3872.jpg
佐川おもちゃ美術館,""
香美市立美術館,
香南市立赤岡町絵金蔵,""
中土佐町立美術館,""
竜串貝類展示館海のギャラリー,
尾道市立美術館,https://upload.wikimedia.org/wikipedia/commons/e/e1/Onomichi_City_Museum_of_Art.jpg
広島県立美術館,https://upload.wikimedia.org/wikipedia/commons/2/2b/Hiroshima_Prefectural_Art_Museum.jpg
ふくやま美術館,https://upload.wikimedia.org/wikipedia/commons/0/02/Fukuyama_Museum_of_Art02s2040.jpg
広島市現代美術館,https://upload.wikimedia.org/wikipedia/commons/b/b7/Hiroshima_MOCA_20201002b.JPG
ひろしま美術館,https://upload.wikimedia.org/wikipedia/commons/d/dd/Hiroshima_Museum_of_Art_2013-08B.JPG
招き猫美術館,""
奥田元宋・小由女美術館,https://upload.wikimedia.org/wikipedia/commons/7/7c/Okuda_Genso_Sayume_Art_Museum.jpg
平山郁夫美術館,https://upload.wikimedia.org/wikipedia/commons/4/4b/Ikuo_Hirayama_Museum.jpg
三良坂平和美術館,""
呉市立美術館,https://upload.wikimedia.org/wikipedia/commons/9/9b/%E5%91%89%E5%B8%82%E7%AB%8B%E7%BE%8E%E8%A1%93%E9%A4%A8.jpg
下瀬美術館,""
ふくやま書道美術館,""
ウッドワン美術館,https://upload.wikimedia.org/wikipedia/commons/9/99/Wood_one_museum_of_art.jpg
かぐや姫美術館,
海の見える杜美術館,https://upload.wikimedia.org/wikipedia/commons/d/d5/Uminomierumori-bijutsukan.jpg
中川美術館,https://upload.wikimedia.org/wikipedia/commons/0/0e/Nakagawa_mu.JPG
倉敷市立美術館,https://upload.wikimedia.org/wikipedia/commons/5/52/Kurashiki_City_Art_Museam.JPG
やかげ郷土美術館,""
林原美術館,https://upload.wikimedia.org/wikipedia/commons/3/3b/160319_Hayashibara_Museum_of_Art_Okayama_Japan01n.jpg
岡山県立美術館,https://upload.wikimedia.org/wikipedia/commons/d/d0/The_Okayama_Prefectural_Museum_of_Art02s3200.jpg
オリエント美術館,""
倉敷刀剣美術館,https://upload.wikimedia.org/wikipedia/commons/7/7a/Gaikan1.JPG
大原美術館,https://upload.wikimedia.org/wikipedia/commons/3/3a/Kurashiki_Ohara_Art_Museum02nt3200.jpg
奈義町現代美術館,https://upload.wikimedia.org/wikipedia/commons/c/ca/Nagi_MOCA.jpg
高梁市成羽美術館,https://upload.wikimedia.org/wikipedia/commons/f/fe/Nariwa-cho_museum01s4000m.jpg
新見美術館,""
吉備川上ふれあい漫画美術館,https://upload.wikimedia.org/wikipedia/commons/5/58/Kibi-Kawakami_fureai_comic_museum1.jpg
高梁市歴史美術館,""
夢二郷土美術館分館夢二生家,""
瀬戸内市立美術館,""
竹喬美術館,""
吉永美術館,""
井原市立平櫛田中美術館,""
猪風来美術館,""
かがみの近代美術館,https://upload.wikimedia.org/wikipedia/commons/4/48/%E3%81%8B%E3%81%8C%E3%81%BF%E3%81%AE%E8%BF%91%E4%BB%A3%E7%BE%8E%E8%A1%93%E9%A4%A8%E3%81%AE%E7%A7%8B%E6%99%AF.jpg
砂の美術館,https://upload.wikimedia.org/wikipedia/commons/2/2b/Sand_Museum.JPG
植田正治写真美術館,https://upload.wikimedia.org/wikipedia/commons/5/5f/Shoji_Ueda_Museum_of_Photography02n4592.jpg
ハピネライフケア文化広場(米子市美術館),""
渡辺美術館,https://upload.wikimedia.org/wikipedia/commons/0/08/Watanabe_museum01_1920.jpg
日南町美術館,""
本池美術館,""
三朝バイオリン美術館,https://upload.wikimedia.org/wikipedia/commons/8/81/Misasa_museum_IMG_7968.JPG
モトフサ現代美術館,""
現代工芸美術館,""
足立美術館,https://upload.wikimedia.org/wikipedia/commons/6/64/Adachi_Museum_of_Art10st3200.jpg
島根県立美術館,https://upload.wikimedia.org/wikipedia/commons/6/67/Shimane_Art_Museum16s3.jpg
安野光雅美術館,""
奥出雲鉄の彫刻美術館,""
石正美術館,""
浜田市世界こども美術館,https://upload.wikimedia.org/wikipedia/commons/c/ca/Hamada_children%27_museum_of_art.jpg
石見美術館,""
田部美術館,https://upload.wikimedia.org/wikipedia/commons/2/26/Shiominawate_Matsue06s4592.jpg
加納美術館,""
資料室はぜくら(津和野美術館),""
山口県立美術館,https://upload.wikimedia.org/wikipedia/commons/6/6a/140720_Yamaguchi_Prefectural_Art_Museum_Yamaguchi_Japan03s3.jpg
下関市立美術館,https://upload.wikimedia.org/wikipedia/commons/f/ff/Shimonoseki_Municipal_Art_Museum.jpg
長門おもちゃ美術館,""
萩美術館・浦上記念館,""
香月泰男美術館,""
柏原美術館,https://upload.wikimedia.org/wikipedia/commons/b/be/Iwakuni_Art_Museum_20180501-1.jpg
和木美術館,""
福岡アジア美術館,https://upload.wikimedia.org/wikipedia/commons/5/5e/%E5%8D%9A%E5%A4%9A%E3%83%AA%E3%83%90%E3%83%AC%E3%82%A4%E3%83%B3%E3%83%A2%E3%83%BC%E3%83%AB_by_TAKASHIMAYA.JPG
福岡市美術館,https://upload.wikimedia.org/wikipedia/commons/7/7f/Fukuoka_Art_Museum_1.jpg
石橋正二郎記念館,""
福岡県立美術館,https://upload.wikimedia.org/wikipedia/commons/b/bd/Fukuoka_Museum_of_Art.JPG
北九州市立美術館,https://upload.wikimedia.org/wikipedia/commons/5/5f/Kitakyushu_Municipal_Museum_of_Art_20090728.JPG
伊都郷土美術館,""
北九州市立美術館分館,""
出光美術館(門司),""
直方市美術館,""
九州産業大学美術館,https://upload.wikimedia.org/wikipedia/commons/1/1e/Kyushu_Sangyo_Univ_Art_Museum.JPG
田川市美術館,https://upload.wikimedia.org/wikipedia/commons/a/a0/Tagawa-city_culture_area_Tagawa_Museum_of_Art_1.jpg
秋月美術館,""
添田町美術館,""
大牟田市ともだちや絵本美術館,""
中村美術館,""
行橋市増田美術館,""
黒川INN美術館,""
佐賀県立美術館,https://upload.wikimedia.org/wikipedia/commons/7/70/Saga_Prefectural_Art_Museum_2008.jpg
有田陶磁美術館,https://upload.wikimedia.org/wikipedia/commons/2/2d/Arita_Ceramic_Art_Museum_20170429.jpg
長崎県美術館,https://upload.wikimedia.org/wikipedia/commons/d/d3/Nagasaki_Prefectural_Art_Museum.jpg
雲仙ビードロ美術館,""
野口彌太郎記念美術館,""
ハウステンボス美術館,""
熊本県立美術館,https://upload.wikimedia.org/wikipedia/commons/e/ed/Kumamoto-Prefectural_Museum_of_Art_main_1.jpg
菊池夢美術館,""
熊本県立美術館分館,""
つなぎ美術館,https://upload.wikimedia.org/wikipedia/commons/2/25/Tsunagi_Art_Museum_01.JPG
熊本市現代美術館,https://upload.wikimedia.org/wikipedia/commons/2/2b/Bipuresu_kumanichi-kaikan01s3200.jpg
不知火美術館,https://upload.wikimedia.org/wikipedia/commons/b/b4/Shiranuhi_Library_and_Art_Museum_01.jpg
島田美術館,https://upload.wikimedia.org/wikipedia/commons/0/01/Shimada_mon.jpg
坂本善三美術館,https://upload.wikimedia.org/wikipedia/commons/5/5d/Sakamoto_Zenzo_Museum_of_Art.JPG
星野富弘美術館,""
大分市美術館,https://upload.wikimedia.org/wikipedia/commons/a/ab/Oita_Municipal_Museum.jpg
中津市木村記念美術館,
別府市美術館,https://upload.wikimedia.org/wikipedia/commons/9/98/Beppu_City_Art_Museum.jpg
二階堂美術館,""
不均質な自然と人の美術館,""
宮崎県立美術館,https://upload.wikimedia.org/wikipedia/commons/1/12/Miyazaki_Prefectural_Art_Museum.jpg
都城市立美術館,https://upload.wikimedia.org/wikipedia/commons/1/18/Miyakonojo_City_Museum_of_Art_2010.JPG
高鍋町美術館,https://upload.wikimedia.org/wikipedia/commons/1/1b/Gthumb.svg
鹿児島市立美術館,https://upload.wikimedia.org/wikipedia/commons/0/0e/Kagoshima_Municipal_Museum_of_Art.jpg
田中一村記念美術館,""
長島美術館,""
中村晋也美術館,""
笠沙美術館,""
三宅美術館,""
松下美術館,""
岩崎美術館,""
吉井淳二美術館,""
浦添市美術館,https://upload.wikimedia.org/wikipedia/commons/8/8d/Urasoe_Art_Museum01n3104.jpg
世界遺産座喜味城跡 ユンタンザミュージアム,""
万代島美術館,""
新潟市美術館,https://upload.wikimedia.org/wikipedia/commons/9/9c/Niigata_City_Art_Museum.jpg
新潟市新津美術館,https://upload.wikimedia.org/wikipedia/commons/3/32/Niitsu_Art_Museum_201905.jpg
新潟県立近代美術館,https://upload.wikimedia.org/wikipedia/commons/2/2c/%E6%96%B0%E6%BD%9F%E8%BF%91%E4%BB%A3%E7%BE%8E%E8%A1%93%E9%A4%A8.jpg
雪梁舎美術館,https://upload.wikimedia.org/wikipedia/commons/5/56/%E9%9B%AA%E6%A2%81%E8%88%8E%E7%BE%8E%E8%A1%93%E9%A4%A8%E5%A4%96%E8%A6%B3.jpg
胎内市美術館,""
駒形十吉記念美術館,https://upload.wikimedia.org/wikipedia/commons/1/18/Komagata_Jukichi_Museum_of_Art.JPG
知足美術館,https://upload.wikimedia.org/wikipedia/commons/6/64/Chisoku_Art_Museum%2C_Niigata%2C_Niigata%2C_Japan%2C_August_2024.jpg
トミオカホワイト美術館,""
良寛の里美術館,""
池田記念美術館,""
谷村美術館,""
潟東樋口記念美術館,""
長岡市栃尾美術館,https://upload.wikimedia.org/wikipedia/commons/9/99/%E9%95%B7%E5%B2%A1%E5%B8%82%E6%A0%83%E5%B0%BE%E7%BE%8E%E8%A1%93%E9%A4%A8.jpg
小林古径記念美術館,https://upload.wikimedia.org/wikipedia/commons/1/1b/Gthumb.svg
木村茶道美術館,https://upload.wikimedia.org/wikipedia/commons/4/44/The_Museum_of_Furuta_Oribe_Gate.jpg
佐渡版画村美術館,https://upload.wikimedia.org/wikipedia/commons/b/be/Sado_woodblock_print_museum%2C_Sado%2C_2018.jpg
樹下美術館,""
日本アマチュア秀作美術館,""
星と森の詩美術館,""
蓼科高原美術館矢崎虎夫記念館,""
小さな美術館軽井沢草花館,https://upload.wikimedia.org/wikipedia/commons/4/43/%E5%B0%8F%E3%81%95%E3%81%AA%E7%BE%8E%E8%A1%93%E9%A4%A8%E8%BB%BD%E4%BA%95%E6%B2%A2%E8%8D%89%E8%8A%B1%E9%A4%A801.jpg
長野市立博物館分館信州新町美術館,""
飯山市美術館,""
碌山美術館,https://upload.wikimedia.org/wikipedia/commons/5/53/150921_Rokuzan_Art_Museum_Azumino_Nagano_pref_Japan01s3.jpg
トリックアートミュージアム軽井沢,""
ル・ヴァン美術館,""
軽井沢ボヘミアンガラス美術館,""
高橋節郎記念美術館,https://upload.wikimedia.org/wikipedia/commons/9/9e/Takahashi_Setsuro_Art_Museum_of_Azumino_1.jpg
脇田美術館,https://upload.wikimedia.org/wikipedia/commons/e/e7/240726_Wakita_Museum_of_Art_Karuizawa_Japan01s3.jpg
駒ヶ根高原美術館,""
斑尾高原絵本美術館,
青木村郷土美術館,""
北野美術館,https://upload.wikimedia.org/wikipedia/commons/5/5f/Kitano_Art_Museum.jpg
白馬美術館,""
泰阜村立学校美術館,""
須坂版画美術館平塚運一版画美術館,""
須坂アートパーク,""
アンフォルメル中川村美術館,https://upload.wikimedia.org/wikipedia/commons/e/ed/INFORMEL_NAKAGAWAMURA_MUSEUM%2C_main_building_and_symbol_tower_exterior_in_2012-11-24.jpg
伊那アルプス美術館,""
京都造形芸術大学附属康耀堂美術館,""
野花の詩写真美術館,""
水村喜一郎美術館,""
田崎美術館,https://upload.wikimedia.org/wikipedia/commons/0/02/%E7%94%B0%E5%B4%8E%E7%BE%8E%E8%A1%93%E9%A4%A8.jpg
茅野市美術館,""
聖徳記念絵画館,https://upload.wikimedia.org/wikipedia/commons/0/06/Meiji_Memorial_Picture_Gallery_tokyo.jpg
黒田記念館,https://upload.wikimedia.org/wikipedia/commons/9/93/%E6%9D%B1%E4%BA%AC%E6%96%87%E5%8C%96%E8%B2%A1%E7%A0%94%E7%A9%B6%E6%89%80%E5%A4%96%E8%A6%B3.jpg
SOMPO美術館,https://upload.wikimedia.org/wikipedia/commons/3/3a/Sompo_Museum_of_Art_2024-01-25.jpg
熊谷守一美術館,https://upload.wikimedia.org/wikipedia/commons/6/6c/Morikazu_Kumagai_Memorial_Gallery_2021-10-21.jpg
世田谷美術館,https://upload.wikimedia.org/wikipedia/commons/5/5d/Setagaya_Art_Museum.jpg
PLAY!,""
小平市平櫛田中彫刻美術館,https://upload.wikimedia.org/wikipedia/commons/c/c9/Kodaira_Hirakushi_Denchu_Art_Museum_front.jpg
檜原森のおもちゃ美術館,
世田谷文学館,https://upload.wikimedia.org/wikipedia/commons/2/20/Setagaya_bungakukan_230113a.jpg
みどりの美術館,
たましん美術館,""
サントリー美術館,https://upload.wikimedia.org/wikipedia/commons/0/0c/Tokyo-Midtown-Suntory-Museum-of-Art-01.jpg
たましん歴史・美術館,""
東京タロット美術館,""
中村研一記念小金井市立はけの森美術館,""
国立映画アーカイブ,https://upload.wikimedia.org/wikipedia/commons/0/03/Nfaj_logo.svg
奥多摩せせらぎの里美術館,""
東京藝術大学大学美術館,""
石洞美術館,""
八王子市夢美術館,https://upload.wikimedia.org/wikipedia/commons/7/77/Hachioji_Yume_Art_Museum.JPG
小島善太郎美術館,""
静嘉堂文庫美術館,https://upload.wikimedia.org/wikipedia/commons/0/01/Seikado_Bunko_2009.jpg
古代エジプト美術館,""
ヨックモックミュージアム,""
WHATMUSEUM,""
森アーツセンターギャラリー,https://upload.wikimedia.org/wikipedia/commons/2/27/Mori_Tower_-_Roppongi%2C_Tokyo%2C_Japan_-_DSC06760.JPG
三菱一号館美術館,https://upload.wikimedia.org/wikipedia/commons/9/93/Mitsubishi_Ichigokan_Museum.JPG
